date,Indice des actions,Température,Emission CO2,Emission CO2.1,Chinese Yuan to US $,Taux d'intérêt,Prix du pétrole
2019-01-01 00:00:00,2611.38,2.79,32.3444238,32344423.8,6.8785,3.273,50.57
2019-01-02 00:00:00,2581.37,3.23,31.7914663,31791466.3,6.862,3.203,54.06
2019-01-03 00:00:00,2580.43,6.2,30.7118639,30711863.900000002,6.87205,3.191,53.23
2019-01-04 00:00:00,2633.35,8.87,31.512141,31512141,6.8692,3.198,55.64
2019-01-07 00:00:00,2652.396,6.64,31.356248299999997,31356248.299999997,6.851,3.169,57.1
2019-01-08 00:00:00,2645.47,5.91,31.8499535,31849953.5,6.8532,3.148,56.91
2019-01-09 00:00:00,2664.22,4.58,31.9439628,31943962.8,6.8165,3.13,59.46
2019-01-10 00:00:00,2654.53,6.45,32.3079758,32307975.8,6.7885,3.14,60.47
2019-01-11 00:00:00,2674.18,7.17,32.655997,32655997,6.763,3.138,59.24
2019-01-14 00:00:00,2655.23,6.65,30.875294899999997,30875294.899999995,6.76805,3.142,58.8
2019-01-15 00:00:00,2691.48,6.37,31.6980493,31698049.3,6.761,3.151,58.65
2019-01-16 00:00:00,2691.58,2.77,31.7295751,31729575.1,6.75675,3.113,59.81
2019-01-17 00:00:00,2680.26,2.9,31.667543,31667543,6.7764,3.091,59.85
2019-01-18 00:00:00,2718.43,4.74,31.2231232,31223123.2,6.77895,3.118,62.04
2019-01-21 00:00:00,2733.65,7.66,30.8959495,30895949.5,6.798,3.11,62.18
2019-01-22 00:00:00,2701.32,5.01,30.0840129,30084012.900000002,6.808,3.13,60.9
2019-01-23 00:00:00,2702.69,6.18,29.1543231,29154323.099999998,6.792,3.148,61.05
2019-01-24 00:00:00,2713.94,5.87,28.2087295,28208729.5,6.7885,3.146,61.09
2019-01-25 00:00:00,2724.5,6.25,27.0698172,27069817.2,6.74725,3.157,61.49
2019-01-28 00:00:00,2719.5,5.87,25.2507197,25250719.700000003,6.7453,3.159,59.71
2019-01-29 00:00:00,2716.67,7.24,24.0174824,24017482.4,6.7329,3.156,60.98
2019-01-30 00:00:00,2697.1,9.88,23.216493800000002,23216493.8,6.7165,3.144,61.89
2019-01-31 00:00:00,2706.59,5.13,23.0191093,23019109.3,6.7008,3.13,62.46
2019-02-01 00:00:00,2741.84,2.58,24.1882912,24188291.2,6.7448,3.145,61.86
2019-02-04 00:00:00,2741.84,6.56,22.457831499999998,22457831.499999996,6.7448,3.145,62.26
2019-02-05 00:00:00,2741.84,8.62,22.1311259,22131125.900000002,6.7448,3.145,61.67
2019-02-06 00:00:00,2741.84,10.83,22.094146799999997,22094146.799999997,6.7448,3.145,62.22
2019-02-07 00:00:00,2741.84,7.1,22.4984964,22498496.400000002,6.7448,3.145,61.01
2019-02-08 00:00:00,2741.84,3.58,23.185459799999997,23185459.799999997,6.7448,3.145,61.37
2019-02-11 00:00:00,2779.22,1.8,25.320884200000002,25320884.200000003,6.79235,3.09,61.3
2019-02-12 00:00:00,2798.1,4.92,25.6715048,25671504.8,6.774,3.093,62.58
2019-02-13 00:00:00,2849.66,6.4,26.346053400000002,26346053.400000002,6.7604,3.093,63.27
2019-02-14 00:00:00,2848.21,5.65,27.188382299999997,27188382.299999997,6.77215,3.095,64
2019-02-15 00:00:00,2809.06,5.4,27.4779074,27477907.4,6.773,3.09,65.65
2019-02-18 00:00:00,2884.49,6.2,28.541943399999997,28541943.4,6.76665,3.115,66.41
2019-02-19 00:00:00,2885.84,7.01,29.811666900000002,29811666.900000002,6.75865,3.134,65.86
2019-02-20 00:00:00,2891.7,5.37,31.2576873,31257687.3,6.72125,3.145,66.82
2019-02-21 00:00:00,2881.8,6.14,31.542382800000002,31542382.8,6.71975,3.143,66.91
2019-02-22 00:00:00,2936.77,5.05,31.0827987,31082798.700000003,6.7142,3.148,66.91
2019-02-25 00:00:00,3101.34,7.61,31.0786838,31078683.8,6.6894,3.178,64.02
2019-02-26 00:00:00,3080.62,7.19,29.838311299999997,29838311.299999997,6.7002,3.21,64.51
2019-02-27 00:00:00,3093.58,7.37,30.7557436,30755743.599999998,6.6872,3.187,65.55
2019-02-28 00:00:00,3080.11,7.64,30.2181874,30218187.400000002,6.69415,3.208,65.03
2019-03-01 00:00:00,3135.75,7.33,30.4708629,30470862.9,6.7064,3.195,63.71
2019-03-04 00:00:00,3170.9,8.05,29.5792002,29579200.2,6.7073,3.213,64.44
2019-03-05 00:00:00,3198.78,8.62,28.306952600000002,28306952.6,6.70755,3.228,64.24
2019-03-06 00:00:00,3248.98,10.51,28.4487464,28448746.400000002,6.7119,3.224,64.51
2019-03-07 00:00:00,3253.5,7.26,28.4364414,28436441.4,6.71495,3.187,64.82
2019-03-08 00:00:00,3110.39,7.03,28.536914,28536914,6.7216,3.159,65.66
2019-03-11 00:00:00,3170.24,10.69,28.184921300000003,28184921.300000004,6.7265,3.17,65.06
2019-03-12 00:00:00,3205.2,11.08,27.2383847,27238384.7,6.70855,3.163,65.33
2019-03-13 00:00:00,3170.27,8.77,27.114899899999998,27114899.9,6.7071,3.159,65.89
2019-03-14 00:00:00,3132.284,8.94,27.347770999999998,27347770.999999996,6.723,3.164,66.18
2019-03-15 00:00:00,3164.79,11.13,27.5420951,27542095.1,6.71375,3.155,66.11
2019-03-18 00:00:00,3243.16,11.06,27.026372,27026372,6.71305,3.153,66.65
2019-03-19 00:00:00,3237.47,12.06,26.677597199999997,26677597.2,6.71195,3.158,67.13
2019-03-20 00:00:00,3237.13,17.12,27.6597967,27659796.700000003,6.6946,3.154,68.35
2019-03-21 00:00:00,3248.41,12.51,27.7264911,27726491.1,6.69925,3.163,68.3
2019-03-22 00:00:00,3251.2,8.7,28.093565999999996,28093565.999999996,6.71815,3.138,66.29
2019-03-25 00:00:00,3187.1,11.37,27.5963808,27596380.799999997,6.7094,3.114,67.37
2019-03-26 00:00:00,3138.99,12.95,26.5782054,26578205.400000002,6.7157,3.086,67.51
2019-03-27 00:00:00,3165.88,14.67,27.3221183,27322118.3,6.72715,3.097,67.35
2019-03-28 00:00:00,3136.72,13.97,28.0110833,28011083.3,6.73905,3.089,66.08
2019-03-29 00:00:00,3237.2,14.3,27.4634555,27463455.5,6.71205,3.075,67.93
2019-04-01 00:00:00,3320.6,11,29.0743907,29074390.7,6.7115,3.132,69.08
2019-04-02 00:00:00,3327.38,12.31,29.256411999999997,29256411.999999996,6.72325,3.168,69.68
2019-04-03 00:00:00,3368.71,13.22,28.1708462,28170846.2,6.7114,3.242,69.21
2019-04-04 00:00:00,3400.51,12.48,28.361713400000003,28361713.400000002,6.7174,3.268,69.8
2019-04-05 00:00:00,3400.51,15.89,28.101858000000004,28101858.000000004,6.719,3.268,69.93
2019-04-08 00:00:00,3398.66,17.83,28.3016366,28301636.599999998,6.7164,3.287,71.12
2019-04-09 00:00:00,3393.29,19.09,29.1928994,29192899.400000002,6.7119,3.292,71.02
2019-04-10 00:00:00,3395.698,10.78,29.795117,29795117,6.71595,3.319,71.63
2019-04-11 00:00:00,3341.22,10.94,30.1418276,30141827.599999998,6.7194,3.293,71.3
2019-04-12 00:00:00,3339.8,12.94,29.4108347,29410834.7,6.7044,3.331,71.57
2019-04-15 00:00:00,3328.42,13.37,28.704133,28704133,6.70865,3.375,70.9
2019-04-16 00:00:00,3407.92,14.56,27.448588100000002,27448588.1,6.71215,3.404,70.74
2019-04-17 00:00:00,3417.89,16.89,26.193374,26193374,6.68815,3.427,71.14
2019-04-18 00:00:00,3404.3,18.99,26.9598635,26959863.5,6.70905,3.386,70.71
2019-04-19 00:00:00,3425.9,18.82,27.476001099999998,27476001.099999998,6.70415,3.39,70.71
2019-04-22 00:00:00,3367.46,19.05,26.695873399999996,26695873.399999995,6.71205,3.419,70.71
2019-04-23 00:00:00,3350.23,22.37,27.063280299999995,27063280.299999997,6.7259,3.434,74.39
2019-04-24 00:00:00,3353.35,21.48,27.149564,27149564,6.7219,3.435,73.59
2019-04-25 00:00:00,3271.77,18.65,27.9207766,27920776.6,6.74305,3.433,74.94
2019-04-26 00:00:00,3232.46,14.07,27.619426,27619426,6.72975,3.421,71.03
2019-04-29 00:00:00,3207.43,17.39,27.020699599999997,27020699.599999998,6.7336,3.43,71.22
2019-04-30 00:00:00,3224.02,15.82,26.1875252,26187525.2,6.7349,3.416,72.19
2019-05-01 00:00:00,3224.02,17.49,26.7665933,26766593.3,6.7349,3.416,72.01
2019-05-02 00:00:00,3224.02,17.16,25.082858899999998,25082858.9,6.7346,3.416,70.56
2019-05-03 00:00:00,3224.02,18.12,25.4062084,25406208.400000002,6.7346,3.416,71.95
2019-05-06 00:00:00,3043.96,15.76,26.9628391,26962839.1,6.7645,3.378,71.95
2019-05-07 00:00:00,3064.83,14.65,27.9432105,27943210.5,6.7769,3.364,70.98
2019-05-08 00:00:00,3030.65,16.4,27.401248000000002,27401248.000000004,6.78285,3.355,71.09
2019-05-09 00:00:00,2985.71,19.04,27.1891013,27189101.3,6.82745,3.33,70.61
2019-05-10 00:00:00,3078.25,19.65,26.887090599999997,26887090.599999998,6.82405,3.314,71.63
2019-05-13 00:00:00,3041.07,18.28,26.3804967,26380496.7,6.8784,3.315,72.35
2019-05-14 00:00:00,3020,18.49,27.817832900000003,27817832.900000002,6.876,3.296,72.53
2019-05-15 00:00:00,3077.73,19.48,26.9131147,26913114.700000003,6.87615,3.32,73.09
2019-05-16 00:00:00,3095.61,21.88,28.1137835,28113783.5,6.88375,3.289,74.7
2019-05-17 00:00:00,3018.68,22.96,28.503645999999996,28503645.999999996,6.91865,3.283,73.94
2019-05-20 00:00:00,3006.49,20.26,27.5130737,27513073.7,6.9123,3.298,73.21
2019-05-21 00:00:00,3043.53,20.68,27.8546093,27854609.3,6.9023,3.308,72.94
2019-05-22 00:00:00,3028.59,22.87,27.4783164,27478316.400000002,6.9064,3.317,71.94
2019-05-23 00:00:00,2987.54,24.19,27.644607,27644607,6.9105,3.339,68.37
2019-05-24 00:00:00,2988.1,23.71,26.9733728,26973372.8,6.90025,3.333,67.98
2019-05-27 00:00:00,3029.32,23.55,26.7719925,26771992.5,6.89795,3.35,67.98
2019-05-28 00:00:00,3047.74,20.5,26.263698700000003,26263698.700000003,6.91015,3.358,70.19
2019-05-29 00:00:00,3052.74,21.8,25.9257271,25925727.099999998,6.9145,3.328,70.64
2019-05-30 00:00:00,3043.47,21.15,25.9425347,25942534.7,6.9019,3.323,69.55
2019-05-31 00:00:00,3036.03,20.93,25.9895415,25989541.5,6.905,3.297,66.78
2019-06-03 00:00:00,3027.11,22.92,24.791424199999998,24791424.2,6.90375,3.288,63.16
2019-06-04 00:00:00,2997.97,25.15,25.624985600000002,25624985.6,6.9083,3.259,63.56
2019-06-05 00:00:00,2997.05,25.16,26.565518700000002,26565518.700000003,6.9091,3.247,62.14
2019-06-06 00:00:00,2961.8,26.4,26.807696399999998,26807696.4,6.90965,3.263,62.77
2019-06-07 00:00:00,2961.8,23.05,27.590088599999998,27590088.599999998,6.9097,3.263,64.1
2019-06-10 00:00:00,2987.32,24.39,28.522835300000004,28522835.300000004,6.93095,3.273,64.31
2019-06-11 00:00:00,3064.38,23.31,29.988397799999998,29988397.799999997,6.9114,3.286,63.56
2019-06-12 00:00:00,3047.27,22.5,29.676425799999997,29676425.799999997,6.9177,3.302,61.66
2019-06-13 00:00:00,3048.66,21.63,29.6124346,29612434.6,6.92165,3.29,63.28
2019-06-14 00:00:00,3018.47,22.51,29.1507825,29150782.5,6.9255,3.279,63.13
2019-06-17 00:00:00,3024.41,25.8,29.321097100000003,29321097.1,6.9258,3.267,62.56
2019-06-18 00:00:00,3027.08,24.13,29.745302000000002,29745302.000000004,6.9032,3.259,63.35
2019-06-19 00:00:00,3056.05,24.63,30.757163300000002,30757163.3,6.9036,3.255,62.85
2019-06-20 00:00:00,3128.76,23.58,29.549074800000003,29549074.800000004,6.85195,3.277,65.44
2019-06-21 00:00:00,3144.23,23.92,29.5998496,29599849.599999998,6.87,3.25,65.99
2019-06-24 00:00:00,3150.7,23.24,27.5353321,27535332.1,6.877,3.266,65.16
2019-06-25 00:00:00,3123.34,22.81,27.3042456,27304245.6,6.8798,3.271,66.24
2019-06-26 00:00:00,3117.3,23.77,27.678454199999997,27678454.199999996,6.88005,3.278,66.85
2019-06-27 00:00:00,3138.8,25.73,28.4468144,28446814.400000002,6.8771,3.282,66.78
2019-06-28 00:00:00,3119.99,28.49,28.847718399999998,28847718.4,6.8668,3.279,67.52
2019-07-01 00:00:00,3189.19,25.33,26.9799136,26979913.6,6.8517,3.262,65.1
2019-07-02 00:00:00,3188.17,24.15,26.628679400000003,26628679.400000002,6.8729,3.229,62.72
2019-07-03 00:00:00,3158.1,23.76,27.8054698,27805469.8,6.88115,3.193,63.53
2019-07-04 00:00:00,3147.6,24.87,26.891509,26891509,6.87155,3.176,63.62
2019-07-05 00:00:00,3153.8,24.04,26.2106983,26210698.3,6.8936,3.188,64.23
2019-07-08 00:00:00,3072.42,26.85,25.6590819,25659081.9,6.88185,3.195,64.89
2019-07-09 00:00:00,3067,23.49,26.6816703,26681670.3,6.888,3.192,64.3
2019-07-10 00:00:00,3053.52,24.18,27.6790163,27679016.3,6.8729,3.187,66.41
2019-07-11 00:00:00,3056.08,25.79,27.6044899,27604489.900000002,6.8702,3.178,67.64
2019-07-12 00:00:00,3069.43,25.47,27.7207807,27720780.7,6.8808,3.189,66.65
2019-07-15 00:00:00,3081.604,25.23,27.5472043,27547204.3,6.87775,3.187,66.86
2019-07-16 00:00:00,3076.83,26.15,27.564501000000003,27564501.000000004,6.87625,3.188,65.87
2019-07-17 00:00:00,3070.62,27.92,29.2497079,29249707.900000002,6.87365,3.194,63.67
2019-07-18 00:00:00,3038.62,27.62,29.4969029,29496902.9,6.88005,3.191,60.7
2019-07-19 00:00:00,3062.77,27.51,30.193108300000002,30193108.3,6.88215,3.173,61.04
2019-07-22 00:00:00,3023.75,29.71,29.928065699999998,29928065.7,6.88115,3.157,61.96
2019-07-23 00:00:00,3037.37,30.43,30.655418100000002,30655418.1,6.8792,3.162,62.28
2019-07-24 00:00:00,3061.83,31.13,30.664713799999998,30664713.799999997,6.8725,3.178,63.83
2019-07-25 00:00:00,3076.65,30.83,30.624806,30624806,6.87255,3.182,63.47
2019-07-26 00:00:00,3084.19,30.83,30.906239099999997,30906239.099999998,6.87915,3.175,62.46
2019-07-29 00:00:00,3080.49,30.85,30.222822999999998,30222823,6.8934,3.205,62.29
2019-07-30 00:00:00,3092.39,30.4,30.892881300000003,30892881.300000004,6.8845,3.196,62.55
2019-07-31 00:00:00,3071.73,29.98,30.9992726,30999272.6,6.88415,3.183,64.07
2019-08-01 00:00:00,3046.91,29.45,29.3582721,29358272.1,6.89865,3.168,62.9
2019-08-02 00:00:00,3004.02,29.05,29.0406258,29040625.8,6.9405,3.139,61.12
2019-08-05 00:00:00,2955.66,28.44,28.127893600000004,28127893.600000005,7.0508,3.066,59.32
2019-08-06 00:00:00,2909.62,29.01,28.230024999999998,28230024.999999996,7.02645,3.078,58.63
2019-08-07 00:00:00,2900.29,28.82,28.9305785,28930578.5,7.0602,3.073,55.03
2019-08-08 00:00:00,2927.38,29.36,29.4101774,29410177.4,7.04515,3.051,56.29
2019-08-09 00:00:00,2906.68,28.46,29.603054299999997,29603054.299999997,7.0624,3.039,57.37
2019-08-12 00:00:00,2948.86,28.76,28.48815,28488150,7.05815,3.047,57.13
2019-08-13 00:00:00,2930.32,29.83,28.897143500000002,28897143.500000004,7.0435,3.023,59.9
2019-08-14 00:00:00,2942.53,29.91,29.6504183,29650418.299999997,7.02445,3.028,57.86
2019-08-15 00:00:00,2949.81,28.55,30.121731999999998,30121731.999999996,7.034,3.027,57.37
2019-08-16 00:00:00,2958.19,29.49,29.9871764,29987176.4,7.0428,3.03,59
2019-08-19 00:00:00,3020.29,27.6,28.1323277,28132327.700000003,7.05075,3.041,59.79
2019-08-20 00:00:00,3017.08,27.39,28.541368100000003,28541368.1,7.06045,3.038,59.03
2019-08-21 00:00:00,3017.42,28.48,28.9886713,28988671.3,7.06315,3.062,60.6
2019-08-22 00:00:00,3020.69,28.98,29.4273714,29427371.4,7.08365,3.077,59.81
2019-08-23 00:00:00,3035.38,28.73,29.447467000000003,29447467.000000004,7.09605,3.07,58.64
2019-08-26 00:00:00,2999.92,30.26,29.5038604,29503860.400000002,7.15125,3.081,58.64
2019-08-27 00:00:00,3040.42,30.73,29.0648516,29064851.6,7.16225,3.075,58.44
2019-08-28 00:00:00,3031.59,28.82,29.988640099999998,29988640.099999998,7.1653,3.07,60.42
2019-08-29 00:00:00,3028.6,24.08,29.520674699999997,29520674.699999996,7.1445,3.049,60.59
2019-08-30 00:00:00,3023.71,25.33,29.060875999999997,29060875.999999996,7.1568,3.068,61.04
2019-09-02 00:00:00,3063.38,24.24,29.007014899999994,29007014.899999995,7.17195,3.078,58.55
2019-09-03 00:00:00,3069.7,25.2,28.9140726,28914072.6,7.1789,3.077,57.93
2019-09-04 00:00:00,3098.31,25.56,29.0689753,29068975.3,7.146,3.081,60.68
2019-09-05 00:00:00,3128.09,27.14,29.0820783,29082078.3,7.14845,3.047,62.7
2019-09-06 00:00:00,3142.49,26.05,29.0142596,29014259.599999998,7.1157,3.023,61.28
2019-09-09 00:00:00,3168.78,26.02,29.6721415,29672141.5,7.12195,3.037,63.99
2019-09-10 00:00:00,3165.08,27.34,30.3869443,30386944.3,7.11265,3.052,64.67
2019-09-11 00:00:00,3152.05,27.15,30.627954499999998,30627954.499999996,7.11675,3.06,63.02
2019-09-12 00:00:00,3175.62,26.32,30.4659373,30465937.3,7.07935,3.094,60.76
2019-09-13 00:00:00,3175.62,26.26,30.6295264,30629526.4,7.0794,3.094,61.25
2019-09-16 00:00:00,3175.1,23.98,28.372279500000005,28372279.500000004,7.0674,3.108,68.42
2019-09-17 00:00:00,3119.95,24.81,28.4358381,28435838.1,7.09185,3.117,65.59
2019-09-18 00:00:00,3127.84,24.01,28.082831499999998,28082831.499999996,7.086,3.136,64.29
2019-09-19 00:00:00,3142.12,21.76,27.983504,27983504,7.09655,3.137,64.25
2019-09-20 00:00:00,3149.62,22.19,27.1927779,27192777.9,7.0916,3.118,65.23
2019-09-23 00:00:00,3118.79,21.87,25.703565400000002,25703565.400000002,7.1185,3.112,64.66
2019-09-24 00:00:00,3127.45,22.34,25.2817494,25281749.4,7.1164,3.127,64.13
2019-09-25 00:00:00,3096.08,22.83,26.7341106,26734110.6,7.13175,3.141,62.41
2019-09-26 00:00:00,3068.49,22.53,27.1011286,27101128.599999998,7.1326,3.145,62.08
2019-09-27 00:00:00,3071.7,22.8,27.5083653,27508365.3,7.12275,3.158,62.48
2019-09-30 00:00:00,3043.35,23.24,27.158658,27158658,7.14835,3.155,60.99
2019-10-01 00:00:00,3043.35,23.56,26.927968099999998,26927968.099999998,7.14835,3.155,60.06
2019-10-02 00:00:00,3043.35,24.07,25.7094982,25709498.2,7.14835,3.155,57.92
2019-10-03 00:00:00,3043.35,24.92,25.776331199999998,25776331.2,7.14835,3.155,58.01
2019-10-04 00:00:00,3043.35,25.05,26.145887,26145887,7.14835,3.155,59.13
2019-10-07 00:00:00,3043.35,21.12,26.934208299999998,26934208.299999997,7.14835,3.155,59.46
2019-10-08 00:00:00,3052.19,18.31,27.229784,27229784,7.1444,3.139,58.14
2019-10-09 00:00:00,3064.07,20.19,26.936109899999998,26936109.9,7.1324,3.119,59.7
2019-10-10 00:00:00,3088.08,22.01,27.3585587,27358558.7,7.11625,3.141,59.08
2019-10-11 00:00:00,3115.31,22.89,27.521542099999998,27521542.099999998,7.088,3.163,60.59
2019-10-14 00:00:00,3151.2,20.58,27.981271300000003,27981271.300000004,7.0675,3.194,58.81
2019-10-15 00:00:00,3133.55,16.62,27.509665400000003,27509665.400000002,7.08175,3.181,59.19
2019-10-16 00:00:00,3120.59,17.61,27.017057100000002,27017057.1,7.09355,3.189,59.3
2019-10-17 00:00:00,3119.23,18.9,27.1983151,27198315.099999998,7.0774,3.189,59.35
2019-10-18 00:00:00,3078.16,18.55,27.3941259,27394125.9,7.0817,3.193,59.96
2019-10-21 00:00:00,3079.72,17.69,26.7197456,26719745.599999998,7.07625,3.215,58.95
2019-10-22 00:00:00,3095.17,18.26,27.236366399999998,27236366.4,7.0769,3.233,60.5
2019-10-23 00:00:00,3081.8,19.12,27.881148300000003,27881148.300000004,7.0656,3.234,60.52
2019-10-24 00:00:00,3081.06,18.85,28.2544861,28254486.1,7.06905,3.234,61.71
2019-10-25 00:00:00,3095.81,18.44,28.4812426,28481242.6,7.06535,3.255,62.06
2019-10-28 00:00:00,3122.12,16.29,27.2889035,27288903.5,7.06775,3.287,60.39
2019-10-29 00:00:00,3095.02,15.8,26.535528900000003,26535528.900000002,7.06575,3.317,61.05
2019-10-30 00:00:00,3079.45,17.01,26.098654,26098654,7.0553,3.325,60.22
2019-10-31 00:00:00,3068.72,17.25,26.613325,26613325,7.0395,3.281,59.3
2019-11-01 00:00:00,3099.28,17.76,27.350393999999998,27350393.999999996,7.0375,3.283,60.17
2019-11-04 00:00:00,3117.4,16.91,28.018167199999997,28018167.199999996,7.0304,3.299,62.52
2019-11-05 00:00:00,3134.24,15.07,28.0832399,28083239.9,7.0097,3.283,62.72
2019-11-06 00:00:00,3120.67,16.2,29.140367700000002,29140367.700000003,6.99815,3.269,62.11
2019-11-07 00:00:00,3120.76,16.38,29.57251,29572510,6.9784,3.278,62.6
2019-11-08 00:00:00,3105.52,14.15,29.4598576,29459857.599999998,6.99605,3.29,62
2019-11-11 00:00:00,3048.7,14.48,28.5251824,28525182.4,7.0106,3.254,62.58
2019-11-12 00:00:00,3053.8,16.43,29.3933931,29393393.1,7.00785,3.257,62.19
2019-11-13 00:00:00,3043.76,16.41,30.571185500000002,30571185.500000004,7.02345,3.261,62.27
2019-11-14 00:00:00,3048.63,12.37,30.6312969,30631296.9,7.0208,3.265,62.46
2019-11-15 00:00:00,3029.26,14.35,30.1873662,30187366.2,7.00825,3.263,63.32
2019-11-18 00:00:00,3048.03,10.72,30.8143264,30814326.4,7.02605,3.223,62.82
2019-11-19 00:00:00,3074.01,8.14,31.305138799999998,31305138.799999997,7.0276,3.231,62.37
2019-11-20 00:00:00,3049.94,11.14,31.4145908,31414590.8,7.0359,3.199,63.8
2019-11-21 00:00:00,3042.18,13.87,31.838026,31838026,7.02925,3.173,64.99
2019-11-22 00:00:00,3022.97,16.62,31.92914,31929140,7.04,3.188,64.83
2019-11-25 00:00:00,3044.86,9.12,32.5580953,32558095.299999997,7.03635,3.204,64.67
2019-11-26 00:00:00,3046.03,9.96,33.0198683,33019868.299999997,7.0335,3.208,64.82
2019-11-27 00:00:00,3041.92,9.68,33.8129137,33812913.7,7.029,3.206,65.03
2019-11-28 00:00:00,3027.8,9.15,34.1303851,34130385.1,7.03535,3.201,64.68
2019-11-29 00:00:00,3009.43,9.56,33.9639762,33963976.199999996,7.03245,3.192,64.5
2019-12-02 00:00:00,3013.48,5.9,31.593977,31593977,7.0393,3.216,63.2
2019-12-03 00:00:00,3022.77,5.7,31.221074700000003,31221074.700000003,7.06125,3.243,62.95
2019-12-04 00:00:00,3015.88,7,31.377136399999998,31377136.4,7.0499,3.198,65.25
2019-12-05 00:00:00,3038.19,8.84,31.9258418,31925841.8,7.0448,3.207,65.67
2019-12-06 00:00:00,3051.31,7.21,32.5384404,32538440.4,7.03495,3.212,66.5
2019-12-09 00:00:00,3053.86,8.4,32.029556400000004,32029556.400000006,7.03925,3.208,66.44
2019-12-10 00:00:00,3056.85,10.47,32.863246000000004,32863246.000000004,7.0342,3.223,66.57
2019-12-11 00:00:00,3064.32,8.83,32.707503100000004,32707503.100000005,7.03875,3.208,65.37
2019-12-12 00:00:00,3055.2,7.93,32.537149,32537149,6.9849,3.194,66.67
2019-12-13 00:00:00,3109.7,10.62,32.723696,32723695.999999996,6.9895,3.203,67.44
2019-12-16 00:00:00,3127.22,15.01,32.196457099999996,32196457.099999998,6.99355,3.217,68.04
2019-12-17 00:00:00,3167,12.12,33.2158669,33215866.900000002,6.9972,3.235,68.99
2019-12-18 00:00:00,3161.37,8.28,33.387270199999996,33387270.199999996,7.005,3.252,69.12
2019-12-19 00:00:00,3161.37,5.6,34.45793810000001,34457938.10000001,7.0104,3.249,69.7
2019-12-20 00:00:00,3148.59,6.77,34.9790789,34979078.9,7.00675,3.247,68.66
2019-12-23 00:00:00,3104.35,9.61,34.174477,34174477,7.01275,3.212,67.49
2019-12-24 00:00:00,3125.26,10.61,34.078932699999996,34078932.699999996,7.0075,3.198,69.26
2019-12-25 00:00:00,3124.4,12.5,34.4282917,34428291.7,6.9894,3.188,69.26
2019-12-26 00:00:00,3151.13,8.51,34.8388252,34838825.2,6.9965,3.15,69.26
2019-12-27 00:00:00,3148.7,4.53,34.6673976,34667397.6,6.99575,3.171,68.91
2019-12-30 00:00:00,3185.38,9.02,34.7320359,34732035.9,6.98675,3.177,68.3
2019-12-31 00:00:00,3195.98,2.98,35.174065299999995,35174065.3,6.9632,3.173,67.77
2020-01-01 00:00:00,3195.98,4.67,33.21411570000001,33214115.700000007,6.9632,3.173,67.77
2020-01-02 00:00:00,3232.69,9.57,32.1505037,32150503.700000003,6.96435,3.185,67.05
2020-01-03 00:00:00,3231.19,9.87,31.2485127,31248512.7,6.9655,3.193,69.08
2020-01-06 00:00:00,3230.8,14.86,31.499972900000003,31499972.900000002,6.976,3.178,70.25
2020-01-07 00:00:00,3253.19,12.51,31.8927429,31892742.9,6.94525,3.18,68.74
2020-01-08 00:00:00,3213.43,5.41,31.6456116,31645611.599999998,6.9462,3.168,67.31
2020-01-09 00:00:00,3242.78,5.37,31.3698357,31369835.7,6.9318,3.159,66.58
2020-01-10 00:00:00,3240.07,8.02,31.9678124,31967812.4,6.91925,3.136,66.77
2020-01-13 00:00:00,3264.58,5.09,31.6357842,31635784.2,6.89375,3.147,64.14
2020-01-14 00:00:00,3255.41,4.49,30.466771799999997,30466771.799999997,6.88415,3.146,64.45
2020-01-15 00:00:00,3237.81,5.01,30.196617900000003,30196617.900000002,6.8909,3.141,63.29
2020-01-16 00:00:00,3221.1,6.44,29.9740933,29974093.3,6.8789,3.143,64.63
2020-01-17 00:00:00,3222.53,5.42,29.848276900000002,29848276.900000002,6.85975,3.149,64.05
2020-01-20 00:00:00,3243.82,5.17,27.570218399999998,27570218.4,6.86685,3.129,64.63
2020-01-21 00:00:00,3198.08,7.64,26.079338,26079338,6.90585,3.096,63.66
2020-01-22 00:00:00,3207.12,9.15,24.750537599999998,24750537.599999998,6.90665,3.053,62.11
2020-01-23 00:00:00,3118.92,8.08,23.5611042,23561104.2,6.93665,3.05,61.26
2020-01-24 00:00:00,3118.92,8.38,22.2447442,22244744.2,6.93665,3.05,59.34
2020-01-27 00:00:00,3118.92,5.96,21.7817505,21781750.5,6.93665,3.05,58.54
2020-01-28 00:00:00,3118.92,4.9,21.0830533,21083053.3,6.93665,3.05,59.37
2020-01-29 00:00:00,3118.92,4.13,21.1267909,21126790.9,6.93665,3.05,59.46
2020-01-30 00:00:00,3118.92,2.8,20.9804638,20980463.8,6.93665,3.05,57.72
2020-01-31 00:00:00,3118.92,3.36,20.436092000000002,20436092.000000004,6.93665,3.05,57.77
2020-02-03 00:00:00,2878.14,7.33,21.253985800000002,21253985.8,7.0215,2.86,54
2020-02-04 00:00:00,2916.57,6.98,21.1583052,21158305.2,6.9985,2.89,53.9
2020-02-05 00:00:00,2953.01,5.96,21.440973800000002,21440973.8,6.9738,2.913,55.36
2020-02-06 00:00:00,3003.81,4.9,21.5283542,21528354.2,6.97075,2.888,55.18
2020-02-07 00:00:00,3013.74,6.19,21.1273397,21127339.7,7.0015,2.868,54.53
2020-02-10 00:00:00,3028.92,7.55,20.369949,20369949,6.98435,2.82,53.39
2020-02-11 00:00:00,3040.67,10.24,19.8382101,19838210.1,6.966,2.858,54
2020-02-12 00:00:00,3067.11,11.83,19.8754264,19875426.4,6.97195,2.88,55.54
2020-02-13 00:00:00,3045.3,11.28,19.8037769,19803776.9,6.977,2.878,56.34
2020-02-14 00:00:00,3056.79,12.95,20.714381,20714381,6.9869,2.901,57.37
2020-02-17 00:00:00,3126.6,1.94,21.4705885,21470588.5,6.98135,2.93,57.83
2020-02-18 00:00:00,3128.02,2.85,20.773399700000002,20773399.700000003,6.99715,2.916,57.35
2020-02-19 00:00:00,3117.99,5.91,20.6698917,20669891.7,6.99825,2.929,59.72
2020-02-20 00:00:00,3175.36,8.5,21.031821799999996,21031821.799999997,7.02295,2.938,59.72
2020-02-21 00:00:00,3185.33,9.92,21.5208533,21520853.299999997,7.02705,2.936,58.6
2020-02-24 00:00:00,3176.48,13.56,21.591966099999997,21591966.099999998,7.0294,2.871,56.04
2020-02-25 00:00:00,3157.44,15.19,22.248135199999997,22248135.199999996,7.0135,2.872,56.71
2020-02-26 00:00:00,3131.12,9.53,22.879495199999997,22879495.199999996,7.02255,2.877,54.96
2020-02-27 00:00:00,3134.71,8.02,22.2886391,22288639.1,7.00445,2.863,52.19
2020-02-28 00:00:00,3018.36,10.57,22.1594314,22159431.4,6.99195,2.798,51.31
2020-03-02 00:00:00,3113.33,7.95,24.691914600000004,24691914.600000005,6.96095,2.787,52.52
2020-03-03 00:00:00,3136.39,8.96,25.3461197,25346119.7,6.962,2.815,52.24
2020-03-04 00:00:00,3156.06,8.58,25.8483789,25848378.9,6.92625,2.766,51.86
2020-03-05 00:00:00,3218.98,6.44,24.9591473,24959147.3,6.9373,2.739,51.29
2020-03-06 00:00:00,3179.96,8.63,25.8085265,25808526.5,6.9321,2.681,45.6
2020-03-09 00:00:00,3084.33,12.44,26.40369,26403690,6.94655,2.595,35.33
2020-03-10 00:00:00,3140.46,10.12,26.1737672,26173767.2,6.9564,2.673,35.57
2020-03-11 00:00:00,3110.82,10.63,25.6246431,25624643.1,6.9605,2.693,34.45
2020-03-12 00:00:00,3063.64,11.72,25.3622795,25362279.5,7.02945,2.678,31.02
2020-03-13 00:00:00,3025.88,11.09,26.0447866,26044786.599999998,7.0086,2.721,32.25
2020-03-16 00:00:00,2922.93,10.64,26.0538821,26053882.099999998,6.99335,2.74,27.98
2020-03-17 00:00:00,2912.87,14.42,25.772503600000004,25772503.600000005,7.0079,2.753,27.97
2020-03-18 00:00:00,2859.49,16.03,24.4796466,24479646.599999998,7.0474,2.782,22.79
2020-03-19 00:00:00,2831.55,13.01,25.6386352,25638635.2,7.10825,2.791,23.3
2020-03-20 00:00:00,2877.16,12.65,26.0326952,26032695.2,7.09605,2.754,25.4
2020-03-23 00:00:00,2787.62,11.88,26.3366131,26336613.1,7.09255,2.721,25.06
2020-03-24 00:00:00,2852.95,12.95,25.914849,25914849,7.06305,2.714,23.75
2020-03-25 00:00:00,2914.98,15.49,25.8259294,25825929.4,7.1148,2.718,25.62
2020-03-26 00:00:00,2897.51,18.78,25.891451,25891451,7.0735,2.692,23.55
2020-03-27 00:00:00,2905.17,11.28,25.831495,25831495,7.09625,2.674,22.39
2020-03-30 00:00:00,2879.03,10.14,25.924678400000005,25924678.400000006,7.1003,2.697,19.07
2020-03-31 00:00:00,2882.25,11.55,26.7911608,26791160.8,7.0825,2.663,14.85
2020-04-01 00:00:00,2865.69,11.4,28.866072900000002,28866072.900000002,7.1001,2.652,14.97
2020-04-02 00:00:00,2914.09,11.12,29.8548491,29854849.099999998,7.08405,2.678,20.24
2020-04-03 00:00:00,2896.62,12.33,29.1186584,29118658.400000002,7.09275,2.611,24.33
2020-04-06 00:00:00,2896.62,10.64,26.942614,26942614,7.09275,2.611,22.58
2020-04-07 00:00:00,2956.15,12.76,28.215964899999996,28215964.899999995,7.0458,2.534,22.1
2020-04-08 00:00:00,2950.48,14.08,29.049644,29049644,7.066,2.515,25.22
2020-04-09 00:00:00,2961.54,14.23,29.3608312,29360831.2,7.0432,2.523,20.23
2020-04-10 00:00:00,2930.86,14.41,28.8984966,28898496.6,7.036,2.547,20.23
2020-04-13 00:00:00,2916.67,12.73,28.5597644,28559764.4,7.05265,2.568,20.23
2020-04-14 00:00:00,2963.04,13.94,28.167596500000002,28167596.500000004,7.04855,2.564,21.74
2020-04-15 00:00:00,2946.18,16.64,27.242140900000003,27242140.900000002,7.06765,2.551,19.8
2020-04-16 00:00:00,2955.43,17.89,26.006187299999997,26006187.299999997,7.0798,2.537,18.69
2020-04-17 00:00:00,2974.91,18.15,27.0141219,27014121.9,7.07305,2.552,19.75
2020-04-20 00:00:00,2989.62,16.17,26.830164099999998,26830164.099999998,7.07355,2.579,17.36
2020-04-21 00:00:00,2962.85,13.67,28.2299517,28229951.7,7.092,2.586,9.12
2020-04-22 00:00:00,2980.7,14.4,28.3153173,28315317.3,7.08415,2.568,13.77
2020-04-23 00:00:00,2974.92,15.12,27.9743776,27974377.6,7.0667,2.527,15.06
2020-04-24 00:00:00,2943.51,16.12,27.579297299999997,27579297.299999997,7.0819,2.512,15.87
2020-04-27 00:00:00,2950.86,14.62,28.3327367,28332736.700000003,7.0865,2.521,15.17
2020-04-28 00:00:00,2945.14,14.74,28.163967399999997,28163967.4,7.0796,2.518,15.6
2020-04-29 00:00:00,2958.15,18.33,28.324790699999998,28324790.7,7.0768,2.503,17.86
2020-04-30 00:00:00,2997.56,21.83,27.696523,27696523,7.0622,2.51,18.11
2020-05-01 00:00:00,2997.56,21.53,25.579320699999997,25579320.699999996,7.0622,2.51,18.49
2020-05-04 00:00:00,2997.56,22.66,28.4497575,28449757.5,7.0622,2.51,20.4
2020-05-05 00:00:00,2997.56,19.33,28.543585500000002,28543585.500000004,7.0622,2.51,25.46
2020-05-06 00:00:00,3016.54,19.19,29.30647,29306470,7.1046,2.555,24.2
2020-05-07 00:00:00,3009.61,19.77,29.7824245,29782424.5,7.08435,2.603,24.23
2020-05-08 00:00:00,3034.58,22.72,30.0008212,30000821.2,7.0742,2.627,24.23
2020-05-11 00:00:00,3034.08,21.55,27.9453391,27945339.1,7.0992,2.664,25.53
2020-05-12 00:00:00,3030.98,21.33,28.2623295,28262329.5,7.08285,2.658,26.67
2020-05-13 00:00:00,3037.92,20.82,28.0339366,28033936.6,7.09225,2.68,27.89
2020-05-14 00:00:00,3008.79,21.06,28.0124307,28012430.7,7.09585,2.705,29.87
2020-05-15 00:00:00,3006.78,23.55,28.8678208,28867820.8,7.10215,2.669,30.95
2020-05-18 00:00:00,3013.88,22.94,28.1281684,28128168.4,7.10965,2.701,33.3
2020-05-19 00:00:00,3038.14,21.21,28.5169254,28516925.400000002,7.09925,2.721,33.06
2020-05-20 00:00:00,3022.67,21.89,28.6722616,28672261.599999998,7.0935,2.695,34.76
2020-05-21 00:00:00,3006.09,21.9,28.8322062,28832206.200000003,7.1153,2.683,34.78
2020-05-22 00:00:00,2949.33,21.05,28.6122728,28612272.8,7.13045,2.605,33.8
2020-05-25 00:00:00,2953.65,22.37,28.691992700000004,28691992.700000003,7.1368,2.644,33.8
2020-05-26 00:00:00,2983.55,20.4,29.3928061,29392806.1,7.135,2.7,33.95
2020-05-27 00:00:00,2973.34,22.32,29.8017457,29801745.700000003,7.16965,2.709,32.73
2020-05-28 00:00:00,2983.28,25.02,28.320168399999996,28320168.399999995,7.1463,2.7,33.98
2020-05-29 00:00:00,2989.86,22.23,28.138840399999996,28138840.399999995,7.13725,2.707,34.15
2020-06-01 00:00:00,3055.94,24.34,26.3070186,26307018.599999998,7.1278,2.726,36.74
2020-06-02 00:00:00,3062.17,25.1,26.877523500000002,26877523.500000004,7.1014,2.778,37.72
2020-06-03 00:00:00,3064.31,24.87,27.7001712,27700171.2,7.11575,2.821,37.98
2020-06-04 00:00:00,3059.97,25.3,28.3463876,28346387.6,7.11025,2.853,38.41
2020-06-05 00:00:00,3072.03,23.1,29.566093,29566093,7.082,2.871,41
2020-06-08 00:00:00,3079.32,23.98,29.1890921,29189092.1,7.07155,2.855,39.66
2020-06-09 00:00:00,3098.58,25.72,29.9983683,29998368.3,7.0773,2.846,40.45
2020-06-10 00:00:00,3085.61,26.19,30.411967999999998,30411967.999999996,7.06095,2.854,41.18
2020-06-11 00:00:00,3061.65,26.98,30.5965822,30596582.2,7.065,2.803,37.76
2020-06-12 00:00:00,3060.43,27.84,30.487867700000002,30487867.700000003,7.0834,2.793,38.54
2020-06-15 00:00:00,3029.24,26.89,30.776297099999997,30776297.099999998,7.0909,2.8,39.44
2020-06-16 00:00:00,3072.99,24.8,30.534226,30534226,7.08655,2.863,40.75
2020-06-17 00:00:00,3077.31,28.28,30.4204868,30420486.8,7.08555,2.897,40.47
2020-06-18 00:00:00,3080.89,27.03,30.2197148,30219714.799999997,7.0894,2.901,41.75
2020-06-19 00:00:00,3110.56,23.83,29.7065729,29706572.900000002,7.0723,2.905,42.33
2020-06-22 00:00:00,3108.07,24.48,28.745308899999998,28745308.9,7.0684,2.921,43.2
2020-06-23 00:00:00,3113.7,26.15,29.0766138,29076613.8,7.059,2.947,42.72
2020-06-24 00:00:00,3123.07,26.7,28.630920800000002,28630920.8,7.0782,2.915,40.4
2020-06-25 00:00:00,3123.07,25.94,27.9525573,27952557.299999997,7.0782,2.915,41.18
2020-06-26 00:00:00,3123.07,26.42,27.474517199999998,27474517.2,7.0782,2.915,40.97
2020-06-29 00:00:00,3104.2,26.74,29.405627199999998,29405627.2,7.0811,2.898,41.58
2020-06-30 00:00:00,3128.45,24.48,30.3394497,30339449.7,7.0655,2.895,41.64
2020-07-01 00:00:00,3171.8,24.15,29.3713637,29371363.7,7.0712,2.888,42.18
2020-07-02 00:00:00,3239.49,24.27,29.0212464,29021246.4,7.067,2.89,43.19
2020-07-03 00:00:00,3304.72,26.79,28.875767800000002,28875767.8,7.06635,2.923,42.92
2020-07-06 00:00:00,3493.44,27.17,28.3508205,28350820.5,7.01875,3.05,42.73
2020-07-07 00:00:00,3506.5,27.8,29.577098499999998,29577098.5,7.014,3.08,43.28
2020-07-08 00:00:00,3567.46,26.73,29.5242934,29524293.400000002,7.00455,3.11,43.67
2020-07-09 00:00:00,3616.87,26.62,29.6425311,29642531.099999998,6.99415,3.178,42.35
2020-07-10 00:00:00,3546.31,26,29.311187599999997,29311187.599999998,7.00185,3.118,43.27
2020-07-13 00:00:00,3609.2,26.8,28.9074668,28907466.8,6.99745,3.147,42.85
2020-07-14 00:00:00,3579.19,24.63,29.6619687,29661968.7,7.0075,3.12,42.97
2020-07-15 00:00:00,3523.3,22.72,29.7967418,29796741.8,6.98895,3.078,43.96
2020-07-16 00:00:00,3364.75,22.46,29.0653326,29065332.6,6.9893,3.04,43.71
2020-07-17 00:00:00,3368.896,24.66,28.7050286,28705028.599999998,6.99235,3.047,43.53
2020-07-20 00:00:00,3473.75,25.51,27.993423900000003,27993423.900000002,6.9838,2.971,43.3
2020-07-21 00:00:00,3480.82,28.33,28.6888121,28688812.1,6.9808,2.95,44.31
2020-07-22 00:00:00,3493.66,29.15,29.1744361,29174436.1,7.0002,2.93,43.98
2020-07-23 00:00:00,3485.25,28.79,29.341801999999998,29341801.999999996,7.00405,2.916,42.96
2020-07-24 00:00:00,3350.64,24.89,29.384376900000003,29384376.900000002,7.01695,2.895,43.29
2020-07-27 00:00:00,3359.54,27.33,28.8936406,28893640.6,6.9964,2.905,43.39
2020-07-28 00:00:00,3383.37,28.54,29.442448900000002,29442448.900000002,7.0008,2.928,43.11
2020-07-29 00:00:00,3453.21,28.44,30.542570799999996,30542570.799999997,7.00175,2.952,43.51
2020-07-30 00:00:00,3445.09,28.43,30.679014500000005,30679014.500000004,7.0088,2.947,42.98
2020-07-31 00:00:00,3469.43,28.41,31.1382489,31138248.900000002,6.97515,2.973,43.13
2020-08-03 00:00:00,3530.18,28.97,31.6150643,31615064.3,6.9809,2.963,43.76
2020-08-04 00:00:00,3534.12,28.18,32.5561988,32556198.799999997,6.97345,2.958,43.99
2020-08-05 00:00:00,3540.26,28.87,32.1444823,32144482.3,6.93665,2.972,44.92
2020-08-06 00:00:00,3549.61,28.21,32.087827100000005,32087827.100000005,6.9535,2.981,45.04
2020-08-07 00:00:00,3515.58,29.01,31.8520797,31852079.7,6.968,2.995,44.07
2020-08-10 00:00:00,3542.07,29.13,31.6710247,31671024.7,6.9619,2.99,44.19
2020-08-11 00:00:00,3501.28,29.16,31.9711685,31971168.5,6.9463,2.973,43.68
2020-08-12 00:00:00,3479.21,29.77,32.3840488,32384048.8,6.93715,2.978,45.09
2020-08-13 00:00:00,3480.7,30.33,32.0160094,32016009.400000002,6.94505,2.968,44.87
2020-08-14 00:00:00,3522,30.93,32.422816499999996,32422816.499999996,6.95035,2.957,44.86
2020-08-17 00:00:00,3604.54,29.4,31.4101851,31410185.1,6.9329,2.943,44.91
2020-08-18 00:00:00,3617.42,29.07,31.7308294,31730829.400000002,6.9218,2.977,45.34
2020-08-19 00:00:00,3572.31,29.28,31.631443100000002,31631443.1,6.92065,3.009,45.21
2020-08-20 00:00:00,3525.9,29.28,31.430903799999996,31430903.799999997,6.91585,3.003,44.56
2020-08-21 00:00:00,3543.47,28.55,30.259786599999998,30259786.599999998,6.91945,3.005,43.94
2020-08-24 00:00:00,3548.47,29.28,30.097593599999996,30097593.599999998,6.9196,3.003,44.43
2020-08-25 00:00:00,3535.72,29.41,30.459804,30459804,6.91275,3.05,46.01
2020-08-26 00:00:00,3489.88,29.01,30.957689600000002,30957689.6,6.886,3.059,45.79
2020-08-27 00:00:00,3511.2,28.33,30.138812,30138812,6.89365,3.067,44.84
2020-08-28 00:00:00,3567.58,27.62,29.5408405,29540840.5,6.8654,3.083,45.22
2020-08-31 00:00:00,3558.98,28.44,29.328847800000002,29328847.8,6.84845,3.053,45.22
2020-09-01 00:00:00,3574.64,28.33,33.4150915,33415091.500000004,6.82815,3.045,45.72
2020-09-02 00:00:00,3568.48,27.53,33.3694291,33369429.099999998,6.83825,3.097,42.7
2020-09-03 00:00:00,3547.69,26.34,32.82739539999999,32827395.399999995,6.8468,3.13,42.72
2020-09-04 00:00:00,3516.64,26.01,31.3581121,31358112.099999998,6.8425,3.128,41.1
2020-09-07 00:00:00,3450.71,27,30.5634907,30563490.7,6.8305,3.175,40.67
2020-09-08 00:00:00,3475.79,27.55,31.3381546,31338154.599999998,6.84645,3.148,38.53
2020-09-09 00:00:00,3411.05,26.05,31.0625153,31062515.3,6.8333,3.108,39.98
2020-09-10 00:00:00,3390.3,25.8,31.4914296,31491429.6,6.83435,3.106,39.27
2020-09-11 00:00:00,3417.02,24.38,30.147746800000004,30147746.800000004,6.8344,3.14,38.8
2020-09-14 00:00:00,3436.4,23.71,29.2293828,29229382.8,6.8105,3.173,38.57
2020-09-15 00:00:00,3454.12,23.19,29.806691,29806691,6.78175,3.135,39.54
2020-09-16 00:00:00,3441.77,25.37,28.932569500000003,28932569.500000004,6.7548,3.147,41.23
2020-09-17 00:00:00,3427.55,22.43,29.0836529,29083652.900000002,6.7657,3.141,42.35
2020-09-18 00:00:00,3498.55,18.99,28.1187069,28118706.9,6.7693,3.13,42.16
2020-09-21 00:00:00,3476.35,23.01,27.176286400000002,27176286.400000002,6.8052,3.111,40.37
2020-09-22 00:00:00,3431.65,22.62,27.6340598,27634059.8,6.7799,3.101,40.84
2020-09-23 00:00:00,3437.3,21.53,28.367678199999997,28367678.199999996,6.8104,3.119,41.09
2020-09-24 00:00:00,3378.02,21.84,27.9360711,27936071.099999998,6.8287,3.091,41.24
2020-09-25 00:00:00,3374.05,21.65,27.797756300000003,27797756.300000004,6.8238,3.124,40.91
2020-09-28 00:00:00,3372.13,22.58,27.0426246,27042624.6,6.81185,3.13,41.59
2020-09-29 00:00:00,3379.22,22.52,27.4358219,27435821.900000002,6.8165,3.14,40.33
2020-09-30 00:00:00,3372.6,21.83,27.8946229,27894622.900000002,6.7908,3.155,40.3
2020-10-01 00:00:00,3372.6,22.05,25.8748677,25874867.7,6.7908,3.155,39.75
2020-10-02 00:00:00,3372.6,23.34,24.6181302,24618130.2,6.7908,3.155,38
2020-10-05 00:00:00,3372.6,18.51,25.8753964,25875396.4,6.7908,3.155,39.78
2020-10-06 00:00:00,3372.6,19.21,26.303726100000002,26303726.1,6.7908,3.155,41.27
2020-10-07 00:00:00,3372.6,19.53,26.7625043,26762504.3,6.7908,3.155,40.62
2020-10-08 00:00:00,3372.6,19.55,26.6361785,26636178.5,6.7908,3.155,42
2020-10-09 00:00:00,3429.25,19.94,26.3202791,26320279.1,6.6947,3.2,41.63
2020-10-12 00:00:00,3519.84,19.84,27.3244143,27324414.3,6.74585,3.226,40.5
2020-10-13 00:00:00,3521.19,19.36,27.7800767,27780076.7,6.74665,3.201,41.34
2020-10-14 00:00:00,3501.36,19.06,28.773028,28773028,6.71505,3.223,41.81
2020-10-15 00:00:00,3492.34,18.52,28.5644739,28564473.9,6.7254,3.233,41.61
2020-10-16 00:00:00,3496.71,16.45,30.0718018,30071801.8,6.6976,3.23,41.34
2020-10-19 00:00:00,3471.88,17.33,29.1545686,29154568.6,6.68215,3.211,41.29
2020-10-20 00:00:00,3488.03,17.74,29.0632218,29063221.8,6.6767,3.203,41.62
2020-10-21 00:00:00,3484.85,17,29.4857504,29485750.400000002,6.6511,3.204,40.09
2020-10-22 00:00:00,3471.68,16.62,29.7609903,29760990.3,6.68455,3.17,41.28
2020-10-23 00:00:00,3435.57,14.64,29.870572499999998,29870572.499999996,6.6868,3.205,40.71
2020-10-26 00:00:00,3407.41,17.72,29.863638799999997,29863638.799999997,6.71225,3.205,39.06
2020-10-27 00:00:00,3410.72,17.73,29.843043299999998,29843043.299999997,6.7055,3.177,39.72
2020-10-28 00:00:00,3426.36,18.01,30.9086222,30908622.2,6.729,3.183,37.86
2020-10-29 00:00:00,3430.04,17.72,31.410016300000002,31410016.3,6.71495,3.186,36.56
2020-10-30 00:00:00,3379.53,15.7,32.2979439,32297943.9,6.6927,3.192,36.33
2020-11-02 00:00:00,3380.21,17.35,29.4482451,29448245.1,6.69145,3.192,37.78
2020-11-03 00:00:00,3428.39,13.89,29.5163459,29516345.900000002,6.67775,3.185,38.17
2020-11-04 00:00:00,3435.08,13.18,29.2784293,29278429.3,6.6535,3.176,39.68
2020-11-05 00:00:00,3479.81,15.69,29.7073212,29707321.2,6.60655,3.189,39.47
2020-11-06 00:00:00,3471.43,18.46,29.761396400000002,29761396.400000002,6.6115,3.211,38.08
2020-11-09 00:00:00,3535.95,13.7,29.852715999999997,29852715.999999996,6.6296,3.243,40.93
2020-11-10 00:00:00,3521.7,13.88,30.2977834,30297783.4,6.61555,3.243,42.25
2020-11-11 00:00:00,3502.88,13.88,30.451008,30451008,6.6311,3.241,42.5
2020-11-12 00:00:00,3499.23,15.01,30.414547,30414547,6.61295,3.258,42.16
2020-11-13 00:00:00,3469.23,15.05,31.4226526,31422652.599999998,6.6065,3.272,41.51
2020-11-16 00:00:00,3507.84,17.73,30.8476536,30847653.6,6.58475,3.285,42.71
2020-11-17 00:00:00,3500.46,19.62,30.986694,30986694,6.55655,3.286,42.54
2020-11-18 00:00:00,3508.24,22.21,31.785466699999997,31785466.699999996,6.56045,3.318,42.91
2020-11-19 00:00:00,3524.79,19.13,31.950271,31950271,6.5835,3.335,43.09
2020-11-20 00:00:00,3540.14,14.94,33.1397505,33139750.499999996,6.563,3.332,43.79
2020-11-23 00:00:00,3578.71,11.19,34.5048832,34504883.2,6.586,3.289,45
2020-11-24 00:00:00,3566.54,11.22,35.5319706,35531970.6,6.5915,3.315,46.63
2020-11-25 00:00:00,3524.11,14.17,36.39620729999999,36396207.29999999,6.579,3.307,47.3
2020-11-26 00:00:00,3531.91,14.55,36.8636639,36863663.9,6.57555,3.307,46.32
2020-11-27 00:00:00,3572.44,11.81,37.33770319999999,37337703.199999996,6.57685,3.313,46.88
2020-11-30 00:00:00,3555.23,9.07,37.3512847,37351284.7,6.5789,3.28,46.84
2020-12-01 00:00:00,3618.41,10.26,35.3179101,35317910.1,6.57225,3.299,47.03
2020-12-02 00:00:00,3615.63,10.26,35.741240600000005,35741240.6,6.56295,3.314,47.8
2020-12-03 00:00:00,3608.03,8.55,36.3957005,36395700.5,6.5429,3.318,48.37
2020-12-04 00:00:00,3610.59,6.11,36.58887,36588870,6.53155,3.301,49.1
2020-12-07 00:00:00,3581.22,10.49,37.1084673,37108467.300000004,6.52975,3.303,48.63
2020-12-08 00:00:00,3574.52,8.76,36.719249399999995,36719249.4,6.5332,3.29,48.84
2020-12-09 00:00:00,3534.44,10.18,36.8561025,36856102.5,6.5435,3.301,48.81
2020-12-10 00:00:00,3535.8,11.07,36.1482645,36148264.5,6.5455,3.287,50.33
2020-12-11 00:00:00,3508.47,8.94,37.2314362,37231436.199999996,6.54625,3.307,50.01
2020-12-14 00:00:00,3531.51,3.11,38.529101,38529101,6.5508,3.31,50.27
2020-12-15 00:00:00,3529.53,2.09,39.131846599999996,39131846.599999994,6.53945,3.298,50.77
2020-12-16 00:00:00,3529.28,2.05,38.4633381,38463338.1,6.53275,3.303,50.83
2020-12-17 00:00:00,3568.96,3.94,38.255803,38255803,6.5332,3.303,51.2
2020-12-18 00:00:00,3558.51,5.19,38.185591099999996,38185591.099999994,6.53765,3.306,52.17
2020-12-21 00:00:00,3585.4,4.7,38.2857834,38285783.4,6.5497,3.296,50.61
2020-12-22 00:00:00,3518.5,6.14,37.979672900000004,37979672.900000006,6.54315,3.269,49.88
2020-12-23 00:00:00,3545.3,8.3,37.724544800000004,37724544.800000004,6.54065,3.244,51.05
2020-12-24 00:00:00,3525.15,7.14,37.895751000000004,37895751.00000001,6.53005,3.259,50.88
2020-12-25 00:00:00,3560.24,5.48,37.61096260000001,37610962.60000001,6.5418,3.24,50.88
2020-12-28 00:00:00,3561.03,9.55,38.1508158,38150815.8,6.5371,3.213,50.88
2020-12-29 00:00:00,3541.84,8.83,38.9319882,38931988.2,6.53075,3.205,50.44
2020-12-30 00:00:00,3578.98,-3.46,39.5780217,39578021.7,6.5233,3.192,50.74
2020-12-31 00:00:00,3640.46,-3.38,39.0919748,39091974.800000004,6.5267,3.203,51.22
2021-01-01 00:00:00,3640.46,-0.38,35.3930856,35393085.6,6.5267,3.203,51.22
2021-01-04 00:00:00,3671.76,8.17,35.5180339,35518033.9,6.4616,3.218,50.37
2021-01-05 00:00:00,3698.76,6.17,35.8934705,35893470.5,6.4561,3.203,53.16
2021-01-06 00:00:00,3722.08,2.76,36.7369488,36736948.8,6.46285,3.185,53.8
2021-01-07 00:00:00,3748.67,-4.29,37.9742617,37974261.7,6.47695,3.186,53.7
2021-01-08 00:00:00,3742.23,-4.17,37.7791371,37779137.1,6.4755,3.2,55.51
2021-01-11 00:00:00,3701.72,1.03,36.9817112,36981711.2,6.48075,3.173,54.84
2021-01-12 00:00:00,3782.36,1.48,36.155248900000004,36155248.900000006,6.4636,3.166,55.98
2021-01-13 00:00:00,3772.16,5.43,36.173518900000005,36173518.900000006,6.46805,3.133,55.52
2021-01-14 00:00:00,3737.76,6.53,35.450614,35450614,6.47455,3.14,55.76
2021-01-15 00:00:00,3738.25,8.35,34.9944172,34994417.2,6.48085,3.153,54.8
2021-01-18 00:00:00,3769.59,4.13,34.242364,34242364,6.4925,3.175,54.21
2021-01-19 00:00:00,3738.27,4.95,34.1295952,34129595.199999996,6.47895,3.176,55.38
2021-01-20 00:00:00,3755.81,8.89,33.7022998,33702299.8,6.4665,3.183,55.66
2021-01-21 00:00:00,3795.86,12.6,33.7710518,33771051.800000004,6.462,3.147,55.68
2021-01-22 00:00:00,3780.66,9.33,33.4411412,33441141.199999996,6.4819,3.155,55.22
2021-01-25 00:00:00,3799.07,10.3,33.1350587,33135058.700000003,6.4798,3.137,55.44
2021-01-26 00:00:00,3741.57,8.44,33.0142611,33014261.099999998,6.46515,3.177,55.26
2021-01-27 00:00:00,3745.64,7.19,33.0536972,33053697.200000003,6.4836,3.172,55.07
2021-01-28 00:00:00,3674.12,5.69,33.360682,33360681.999999996,6.44955,3.206,54.87
2021-01-29 00:00:00,3650.95,2.88,32.7089419,32708941.9,6.42775,3.227,55.25
2021-02-01 00:00:00,3674.37,9.52,29.676987099999998,29676987.099999998,6.46795,3.2,56.42
2021-02-02 00:00:00,3704.2,6.38,29.5521649,29552164.900000002,6.4567,3.202,57.62
2021-02-03 00:00:00,3687.01,7.98,29.2138555,29213855.5,6.46015,3.215,58.61
2021-02-04 00:00:00,3670.82,7.27,28.633856199999997,28633856.199999996,6.47175,3.236,58.98
2021-02-05 00:00:00,3665.04,8.72,27.7092696,27709269.599999998,6.4667,3.245,59.48
2021-02-08 00:00:00,3702.89,6.44,26.6448497,26644849.700000003,6.4484,3.249,60.17
2021-02-09 00:00:00,3777.39,5.8,26.3537584,26353758.4,6.43525,3.26,60.74
2021-02-10 00:00:00,3831.544,7.83,25.660502400000002,25660502.400000002,6.4582,3.263,61.17
2021-02-11 00:00:00,3831.544,8.47,24.7987236,24798723.599999998,6.4582,3.263,61.09
2021-02-12 00:00:00,3831.544,10.18,23.2306983,23230698.3,6.4582,3.263,62.47
2021-02-15 00:00:00,3831.544,8.26,23.231841,23231841,6.4582,3.263,63.58
2021-02-16 00:00:00,3831.544,7.73,23.068048100000002,23068048.1,6.4582,3.263,63.96
2021-02-17 00:00:00,3831.544,4.36,22.9463391,22946339.099999998,6.4582,3.263,65.02
2021-02-18 00:00:00,3852.801,3.62,22.724594500000002,22724594.500000004,6.4882,3.31,64.09
2021-02-19 00:00:00,3874.58,8.87,23.2857477,23285747.700000003,6.45765,3.268,62.84
2021-02-22 00:00:00,3818.13,13.37,24.183219400000002,24183219.400000002,6.46475,3.275,64.73
2021-02-23 00:00:00,3811.79,8.7,25.159109,25159109,6.4665,3.268,65.16
2021-02-24 00:00:00,3735.95,9.74,25.594656399999998,25594656.4,6.45655,3.276,66.85
2021-02-25 00:00:00,3757.96,12.82,26.3530008,26353000.8,6.4549,3.291,66.69
2021-02-26 00:00:00,3678.27,9.35,26.700052099999997,26700052.099999998,6.47515,3.289,65.86
2021-03-01 00:00:00,3722.64,11.69,31.6856351,31685635.099999998,6.466,3.258,64.56
2021-03-02 00:00:00,3677.71,6.56,32.386926,32386926.000000004,6.47135,3.258,63.17
2021-03-03 00:00:00,3749.34,8.25,32.1802531,32180253.1,6.46785,3.266,64.7
2021-03-04 00:00:00,3672.35,10.71,32.2981684,32298168.400000002,6.46995,3.271,67.32
2021-03-05 00:00:00,3670.79,9.55,33.0485337,33048533.7,6.49675,3.27,69.95
2021-03-08 00:00:00,3586.29,9.85,33.4833309,33483330.9,6.52605,3.255,68
2021-03-09 00:00:00,3521.087,9.19,33.5091954,33509195.400000002,6.50665,3.257,67.03
2021-03-10 00:00:00,3519.43,10.12,33.255946699999996,33255946.699999996,6.5059,3.253,67.53
2021-03-11 00:00:00,3602.38,11.05,33.3002046,33300204.6,6.49385,3.249,69.34
2021-03-12 00:00:00,3619.43,10.8,32.828621999999996,32828621.999999996,6.50845,3.264,68.87
2021-03-15 00:00:00,3584.66,16.7,31.234708100000002,31234708.1,6.50005,3.273,68.78
2021-03-16 00:00:00,3612.77,12.72,31.466016999999997,31466016.999999996,6.5059,3.265,67.95
2021-03-17 00:00:00,3611.55,9.21,31.2283008,31228300.8,6.5041,3.266,67.73
2021-03-18 00:00:00,3629.94,11.42,31.932811700000002,31932811.700000003,6.5063,3.263,62.11
2021-03-19 00:00:00,3568.68,11.94,31.5527814,31552781.400000002,6.509,3.251,64
2021-03-22 00:00:00,3609.36,9.49,31.083940199999997,31083940.199999996,6.50775,3.237,63.89
2021-03-23 00:00:00,3575.87,10.83,30.9275131,30927513.099999998,6.5164,3.236,59.96
2021-03-24 00:00:00,3529.23,13.31,31.044710000000002,31044710.000000004,6.5246,3.214,63.7
2021-03-25 00:00:00,3525.56,13.96,30.890705500000003,30890705.500000004,6.5463,3.199,61.21
2021-03-26 00:00:00,3582.99,14.47,30.2310246,30231024.6,6.5415,3.204,63.77
2021-03-29 00:00:00,3600.77,16.93,29.895705,29895705,6.5697,3.209,64.06
2021-03-30 00:00:00,3623.21,14.4,30.1709833,30170983.3,6.572,3.202,63.28
2021-03-31 00:00:00,3607.72,14.9,30.4047891,30404789.099999998,6.55265,3.201,63.52
2021-04-01 00:00:00,3633.33,15.73,33.549597600000006,33549597.600000005,6.56525,3.204,63.85
2021-04-02 00:00:00,3652.29,17.27,33.5690239,33569023.9,6.5671,3.204,63.85
2021-04-05 00:00:00,3652.29,12.01,33.0681145,33068114.5,6.5671,3.204,63.85
2021-04-06 00:00:00,3650.79,14.3,33.3283928,33328392.800000004,6.5395,3.215,61.47
2021-04-07 00:00:00,3647.27,13.32,33.467965500000005,33467965.500000004,6.5425,3.223,61.86
2021-04-08 00:00:00,3650.32,13.8,33.1029576,33102957.600000005,6.5511,3.233,62.09
2021-04-09 00:00:00,3616.86,12.62,31.656348500000004,31656348.500000004,6.553,3.217,61.89
2021-04-12 00:00:00,3577.32,16.81,31.6551547,31655154.7,6.5483,3.203,62.38
2021-04-13 00:00:00,3560.02,14.96,31.50172,31501720,6.5441,3.173,62.83
2021-04-14 00:00:00,3581.25,12.02,31.4593304,31459330.4,6.5296,3.168,66.11
2021-04-15 00:00:00,3562.63,13.25,31.199023900000004,31199023.900000002,6.5228,3.172,66.13
2021-04-16 00:00:00,3591.6,16.86,30.453629799999998,30453629.799999997,6.52095,3.166,65.98
2021-04-19 00:00:00,3644.99,14.59,30.074259700000002,30074259.700000003,6.51025,3.16,66.54
2021-04-20 00:00:00,3640.16,15.39,30.174572599999998,30174572.599999998,6.4995,3.159,65.34
2021-04-21 00:00:00,3640.14,17.58,29.9385921,29938592.1,6.4909,3.156,64.02
2021-04-22 00:00:00,3631.92,18.65,30.1916888,30191688.8,6.4914,3.162,65.07
2021-04-23 00:00:00,3641.47,19.44,30.225637600000002,30225637.6,6.4954,3.171,65.75
2021-04-26 00:00:00,3606.85,18.37,30.0219017,30021901.7,6.4855,3.197,65.5
2021-04-27 00:00:00,3608.37,18.84,29.8729743,29872974.3,6.4831,3.204,66.25
2021-04-28 00:00:00,3623.52,19.48,30.073852199999997,30073852.2,6.47885,3.2,67.08
2021-04-29 00:00:00,3642.23,21,30.2092745,30209274.5,6.4722,3.192,68.26
2021-04-30 00:00:00,3612.81,23.12,30.294390200000002,30294390.200000003,6.4735,3.176,67.73
2021-05-03 00:00:00,3612.81,19.11,28.0451644,28045164.400000002,6.4735,3.176,67.73
2021-05-04 00:00:00,3612.81,20.55,29.150115300000003,29150115.300000004,6.4735,3.176,68.91
2021-05-05 00:00:00,3612.81,19.29,28.8157425,28815742.5,6.4735,3.176,69.71
2021-05-06 00:00:00,3606.97,19.51,28.623879099999996,28623879.099999998,6.4638,3.148,68.62
2021-05-07 00:00:00,3583.46,21.45,29.7549651,29754965.1,6.4325,3.161,68.73
2021-05-10 00:00:00,3593,25.43,30.613459900000002,30613459.900000002,6.41655,3.151,68.61
2021-05-11 00:00:00,3607.53,23.86,30.927949599999994,30927949.599999994,6.42915,3.135,68.83
2021-05-12 00:00:00,3629.45,22.23,30.772134299999998,30772134.299999997,6.45705,3.135,69.62
2021-05-13 00:00:00,3594.66,21.53,30.532155499999995,30532155.499999996,6.45195,3.14,67.36
2021-05-14 00:00:00,3658.48,23.92,30.638128399999996,30638128.399999995,6.4371,3.133,69.24
2021-05-17 00:00:00,3687.05,19.53,30.863069000000003,30863069.000000004,6.43915,3.148,69.62
2021-05-18 00:00:00,3699,20.19,30.6553629,30655362.9,6.4257,3.138,69.01
2021-05-19 00:00:00,3680.08,18.27,31.0250873,31025087.3,6.435,3.121,66.88
2021-05-20 00:00:00,3675.96,20.08,30.8486905,30848690.5,6.4349,3.109,65.18
2021-05-21 00:00:00,3654.54,20.24,30.438897700000002,30438897.700000003,6.4342,3.078,66.72
2021-05-24 00:00:00,3665.78,21.62,30.566711699999995,30566711.699999996,6.4193,3.078,68.59
2021-05-25 00:00:00,3753.99,24,30.153928799999996,30153928.799999997,6.411,3.076,68.8
2021-05-26 00:00:00,3766.58,21.57,30.2628953,30262895.3,6.39165,3.074,68.93
2021-05-27 00:00:00,3782.87,22.69,30.328348999999996,30328348.999999996,6.38325,3.078,69.43
2021-05-28 00:00:00,3774.39,23.55,30.6873511,30687351.1,6.3684,3.088,69.36
2021-05-31 00:00:00,3789.79,23.09,31.5358256,31535825.599999998,6.36995,3.077,69.36
2021-06-01 00:00:00,3799.47,23.83,29.878911000000002,29878911.000000004,6.3817,3.08,70.03
2021-06-02 00:00:00,3770.49,24.34,29.2376639,29237663.900000002,6.3811,3.098,70.6
2021-06-03 00:00:00,3756.84,25.35,29.446912999999995,29446912.999999996,6.4038,3.095,70.71
2021-06-04 00:00:00,3764.9,20.98,29.8145755,29814575.5,6.39525,3.114,71.3
2021-06-07 00:00:00,3773,23.67,30.342998700000003,30342998.700000003,6.39735,3.12,70.89
2021-06-08 00:00:00,3752.57,25.82,30.528270900000003,30528270.900000002,6.4005,3.12,71.39
2021-06-09 00:00:00,3764.4,25.9,30.872561,30872561,6.3875,3.117,71.31
2021-06-10 00:00:00,3784.79,25.39,31.5178302,31517830.2,6.39325,3.107,71.65
2021-06-11 00:00:00,3762.65,25.99,31.656415000000003,31656415.000000004,6.3987,3.13,72.05
2021-06-14 00:00:00,3762.65,27.29,30.735327100000003,30735327.1,6.3987,3.13,72.27
2021-06-15 00:00:00,3727.86,28.07,31.8571097,31857109.7,6.4061,3.13,73.38
2021-06-16 00:00:00,3687.76,26.26,32.1545597,32154559.7,6.3972,3.134,73.88
2021-06-17 00:00:00,3695.43,25.84,32.2344288,32234428.800000004,6.44835,3.14,72.92
2021-06-18 00:00:00,3694.91,25.76,32.462178,32462178,6.4531,3.13,73.1
2021-06-21 00:00:00,3699.21,24.37,32.5395647,32539564.7,6.4669,3.103,74.49
2021-06-22 00:00:00,3728.84,24.77,32.250639699999994,32250639.69999999,6.48125,3.098,74.92
2021-06-23 00:00:00,3738.07,25.68,31.6925064,31692506.4,6.47385,3.091,75.22
2021-06-24 00:00:00,3738.48,26.09,31.9298101,31929810.1,6.47195,3.093,75.95
2021-06-25 00:00:00,3781.4,25.18,31.841666099999998,31841666.099999998,6.45625,3.093,76.45
2021-06-28 00:00:00,3780.16,26.05,32.299063200000006,32299063.200000007,6.4561,3.099,74.78
2021-06-29 00:00:00,3745.31,25.65,31.775432200000004,31775432.200000003,6.46375,3.093,75.38
2021-06-30 00:00:00,3764.2,25.69,32.2135889,32213588.9,6.4572,3.083,76.94
2021-07-01 00:00:00,3761.68,26.69,28.8237205,28823720.5,6.46905,3.096,76.69
2021-07-02 00:00:00,3688.2,27.12,28.9405076,28940507.6,6.47305,3.089,77.51
2021-07-05 00:00:00,3704.44,28.98,29.994056999999998,29994056.999999996,6.46425,3.085,78.34
2021-07-06 00:00:00,3700.12,29.76,30.410819699999998,30410819.7,6.4792,3.09,75.81
2021-07-07 00:00:00,3724.73,29.97,30.997627299999998,30997627.299999997,6.47295,3.065,74.31
2021-07-08 00:00:00,3695.14,28.55,31.5214117,31521411.700000003,6.4903,3.026,75.07
2021-07-09 00:00:00,3693.64,27.64,31.9972882,31997288.2,6.47895,3.033,77.14
2021-07-12 00:00:00,3718.52,29.4,32.3014909,32301490.9,6.47555,2.956,76.77
2021-07-13 00:00:00,3738.09,30.15,32.5323827,32532382.7,6.46875,2.952,77.5
2021-07-14 00:00:00,3698.17,29.32,32.5345753,32534575.3,6.4689,2.95,75.74
2021-07-15 00:00:00,3736.05,28.91,32.8040892,32804089.2,6.4609,2.957,74.53
2021-07-16 00:00:00,3709.49,27.58,32.1278591,32127859.1,6.47915,2.954,74.46
2021-07-19 00:00:00,3709.4,28.24,30.5513515,30551351.5,6.4905,2.965,69.33
2021-07-20 00:00:00,3706.99,28.3,29.978158100000005,29978158.100000005,6.485,2.944,70.03
2021-07-21 00:00:00,3734.07,28.3,29.469616499999997,29469616.499999996,6.468,2.93,72.54
2021-07-22 00:00:00,3746.72,28.24,29.211008999999997,29211008.999999996,6.47065,2.935,74.25
2021-07-23 00:00:00,3721.18,28.11,29.6094692,29609469.2,6.48135,2.922,74.86
2021-07-26 00:00:00,3634.17,27.23,30.619527599999998,30619527.599999998,6.48275,2.888,74.79
2021-07-27 00:00:00,3543.69,27.56,31.1130722,31113072.200000003,6.51115,2.91,74.87
2021-07-28 00:00:00,3523.18,27.55,31.394579,31394579,6.49085,2.923,75.09
2021-07-29 00:00:00,3575.77,29.21,31.405881200000003,31405881.200000003,6.4564,2.895,76.3
2021-07-30 00:00:00,3560.74,28.67,30.829048800000002,30829048.8,6.46145,2.845,77.72
2021-08-02 00:00:00,3630.92,28.13,31.8433911,31843391.1,6.4621,2.824,73.91
2021-08-03 00:00:00,3613.82,28.23,32.4623197,32462319.700000003,6.4704,2.845,73.24
2021-08-04 00:00:00,3644.44,27.68,33.1692088,33169208.8,6.46625,2.854,70.99
2021-08-05 00:00:00,3633.24,27.53,32.7405321,32740532.1,6.4614,2.827,72.14
2021-08-06 00:00:00,3624.48,27.69,32.88779340000001,32887793.400000006,6.4835,2.823,71.02
2021-08-09 00:00:00,3662.65,27.76,32.8794559,32879455.900000002,6.4863,2.873,69.65
2021-08-10 00:00:00,3699.68,28.9,32.9208947,32920894.7,6.486,2.877,71.14
2021-08-11 00:00:00,3702.51,28.37,32.3235829,32323582.9,6.47915,2.888,71.99
2021-08-12 00:00:00,3694.23,28.4,31.744020000000003,31744020.000000004,6.47905,2.87,71.79
2021-08-13 00:00:00,3685.34,27.43,31.868507400000002,31868507.400000002,6.4774,2.879,70.9
2021-08-16 00:00:00,3686.44,27.66,29.7680972,29768097.2,6.4747,2.894,70.07
2021-08-17 00:00:00,3612.65,26.68,30.2247478,30224747.8,6.4861,2.892,69.4
2021-08-18 00:00:00,3652.81,27.03,30.336539000000002,30336539.000000004,6.4847,2.85,68.61
2021-08-19 00:00:00,3632.14,27.14,30.0676344,30067634.4,6.49485,2.849,66.8
2021-08-20 00:00:00,3592.03,27.62,29.703546199999998,29703546.2,6.5015,2.853,65.51
2021-08-23 00:00:00,3644.25,28.43,29.3741722,29374172.2,6.4815,2.869,69.07
2021-08-24 00:00:00,3683.45,28.56,29.4287737,29428773.7,6.4714,2.871,71.21
2021-08-25 00:00:00,3710.64,28.01,29.2469209,29246920.9,6.476,2.858,72.12
2021-08-26 00:00:00,3670.03,29.32,28.4033287,28403328.7,6.48145,2.877,70.42
2021-08-27 00:00:00,3691.54,28.62,28.366804,28366804,6.4718,2.909,72.26
2021-08-30 00:00:00,3697.76,28.99,28.0044674,28004467.4,6.4666,2.861,72.26
2021-08-31 00:00:00,3714.33,29.37,29.604797799999996,29604797.799999997,6.4607,2.857,73.45
2021-09-01 00:00:00,3738.62,29.48,31.1485941,31148594.1,6.45995,2.831,71.99
2021-09-02 00:00:00,3770.01,28.28,31.451723400000002,31451723.400000002,6.4565,2.838,73.56
2021-09-03 00:00:00,3753.95,26.53,31.548754100000004,31548754.100000005,6.4529,2.84,73.07
2021-09-06 00:00:00,3796.01,28.4,30.5386615,30538661.5,6.4582,2.838,72.43
2021-09-07 00:00:00,3853.39,25.87,29.756641899999998,29756641.9,6.4666,2.86,71.52
2021-09-08 00:00:00,3851.9,25.73,29.2645838,29264583.8,6.4618,2.872,72.36
2021-09-09 00:00:00,3870.71,27.04,29.2632499,29263249.900000002,6.4554,2.876,71.32
2021-09-10 00:00:00,3881.19,27.84,30.007295900000003,30007295.900000002,6.44435,2.884,72.44
2021-09-13 00:00:00,3894.03,25.79,27.932351299999997,27932351.299999997,6.4518,2.89,72.97
2021-09-14 00:00:00,3838.7,25.09,29.2267204,29226720.400000002,6.43935,2.89,73.05
2021-09-15 00:00:00,3831.97,24.6,28.9966024,28996602.400000002,6.4325,2.9,74.84
2021-09-16 00:00:00,3780.44,24.52,29.315459599999997,29315459.599999998,6.4578,2.894,75.14
2021-09-17 00:00:00,3787.7,23.15,29.0064722,29006472.2,6.46625,2.893,74.64
2021-09-20 00:00:00,3787.7,26.14,28.8104355,28810435.5,6.46625,2.893,73.59
2021-09-21 00:00:00,3787.7,25.11,26.8247142,26824714.2,6.46625,2.893,73.65
2021-09-22 00:00:00,3802.89,26.05,27.132875400000003,27132875.400000002,6.4623,2.867,75.5
2021-09-23 00:00:00,3817.24,26.3,27.7559462,27755946.2,6.45905,2.866,76.44
2021-09-24 00:00:00,3786.72,25.11,28.6420311,28642031.1,6.4667,2.874,77.42
2021-09-27 00:00:00,3755.06,26.94,28.0819653,28081965.3,6.457,2.881,78.85
2021-09-28 00:00:00,3775.33,27.16,28.1358978,28135897.799999997,6.45975,2.881,78.3
2021-09-29 00:00:00,3706.18,25.87,28.234653499999997,28234653.499999996,6.4711,2.878,77.86
2021-09-30 00:00:00,3739.57,23.59,27.8896123,27889612.3,6.44665,2.874,77.81
2021-10-01 00:00:00,3739.57,23.83,27.305279900000002,27305279.900000002,6.44665,2.874,79.4
2021-10-04 00:00:00,3739.57,25.97,26.7182793,26718279.3,6.44665,2.874,81.44
2021-10-05 00:00:00,3739.57,25.68,27.397166400000003,27397166.400000002,6.44665,2.874,82.72
2021-10-06 00:00:00,3739.57,26.01,27.7380142,27738014.2,6.44665,2.874,81.39
2021-10-07 00:00:00,3739.57,25.69,27.9741209,27974120.9,6.44665,2.874,82.34
2021-10-08 00:00:00,3764.7,25.33,27.2448693,27244869.3,6.44375,2.909,82.17
2021-10-11 00:00:00,3764.18,22.16,26.9318707,26931870.7,6.45065,2.964,83.75
2021-10-12 00:00:00,3717.2,21.91,26.5319866,26531986.6,6.44895,2.963,83.53
2021-10-13 00:00:00,3732.79,25.08,26.6856873,26685687.3,6.4281,2.969,83.53
2021-10-14 00:00:00,3729.14,25.73,27.082319100000003,27082319.1,6.43995,2.963,83.86
2021-10-15 00:00:00,3743.92,25.74,27.5850566,27585056.6,6.43565,2.993,84.67
2021-10-18 00:00:00,3739.46,16.82,27.1124805,27112480.5,6.42985,3.043,84.13
2021-10-19 00:00:00,3765.7,16.44,27.2868737,27286873.7,6.38265,3.009,85.02
2021-10-20 00:00:00,3759.32,14.94,28.3286002,28328600.2,6.39445,3.015,85.76
2021-10-21 00:00:00,3767.46,14.36,28.6681892,28668189.2,6.39325,2.971,84.58
2021-10-22 00:00:00,3754.72,14.33,28.327614399999998,28327614.4,6.38495,2.985,85.43
2021-10-25 00:00:00,3783.31,16.33,27.625303,27625303,6.3858,2.985,84.85
2021-10-26 00:00:00,3770.47,17.5,27.6988311,27698831.099999998,6.383,2.984,85.11
2021-10-27 00:00:00,3733.4,18.01,28.034222599999996,28034222.599999998,6.3927,2.981,84.12
2021-10-28 00:00:00,3687.49,17.23,28.572519299999996,28572519.299999997,6.39185,2.975,83.4
2021-10-29 00:00:00,3717.82,17.57,28.524006699999997,28524006.7,6.40575,2.976,83.1
2021-11-01 00:00:00,3714.82,17.3,29.067527799999997,29067527.799999997,6.3977,2.948,84.51
2021-11-02 00:00:00,3673.95,17,29.4325226,29432522.599999998,6.4,2.933,84.42
2021-11-03 00:00:00,3666.51,17,29.2116017,29211601.7,6.4066,2.944,81.1
2021-11-04 00:00:00,3696.23,17.62,28.9352125,28935212.5,6.3975,2.93,80.15
2021-11-05 00:00:00,3659.34,18.49,28.706755,28706755,6.3989,2.897,82.43
2021-11-08 00:00:00,3666.72,5.62,29.631059299999997,29631059.299999997,6.3927,2.905,83.22
2021-11-09 00:00:00,3675.52,8.26,29.461370900000002,29461370.900000002,6.3928,2.909,84.52
2021-11-10 00:00:00,3660.26,10.21,29.2223532,29222353.2,6.38885,2.911,82.91
2021-11-11 00:00:00,3702.52,10.6,29.554854100000004,29554854.100000005,6.39055,2.94,83.4
2021-11-12 00:00:00,3709.05,11.83,29.7536823,29753682.3,6.37965,2.939,82.9
2021-11-15 00:00:00,3702.98,13.37,30.153590899999998,30153590.9,6.3832,2.932,81.94
2021-11-16 00:00:00,3690.92,14.13,30.1891684,30189168.4,6.39285,2.929,82.85
2021-11-17 00:00:00,3707.26,14.16,30.173293400000002,30173293.400000002,6.37795,2.931,80.67
2021-11-18 00:00:00,3689.78,14.69,29.846079699999997,29846079.699999996,6.3861,2.924,82.45
2021-11-19 00:00:00,3731.5,15.15,30.311535000000003,30311535.000000004,6.38715,2.929,80.24
2021-11-22 00:00:00,3754.29,7.26,31.428446299999997,31428446.299999997,6.3854,2.923,80.97
2021-11-23 00:00:00,3761.62,4.75,31.6393538,31639353.799999997,6.39185,2.923,83.43
2021-11-24 00:00:00,3765.41,7.75,31.593973400000003,31593973.400000002,6.39235,2.9,82.37
2021-11-25 00:00:00,3756.4,11.07,32.389997,32389997,6.38615,2.893,82.05
2021-11-26 00:00:00,3735.32,11.85,32.3331005,32333100.5,6.393,2.865,72.37
2021-11-29 00:00:00,3733.96,15.54,31.439132,31439132,6.38815,2.864,73.34
2021-11-30 00:00:00,3735.22,10.32,32.0647457,32064745.700000003,6.3643,2.867,70.86
2021-12-01 00:00:00,3748.88,5.38,31.528257400000005,31528257.400000006,6.36815,2.879,69.53
2021-12-02 00:00:00,3745.77,5.3,31.2571603,31257160.3,6.3771,2.899,70.56
2021-12-03 00:00:00,3780.96,7.18,31.0993349,31099334.9,6.3764,2.912,70.71
2021-12-06 00:00:00,3762.1,11.93,31.4357895,31435789.5,6.3763,2.826,73.38
2021-12-07 00:00:00,3768.13,10.31,32.1974211,32197421.1,6.36685,2.855,75.54
2021-12-08 00:00:00,3812.71,11.62,32.7589365,32758936.499999996,6.34425,2.863,75.94
2021-12-09 00:00:00,3849.93,13,32.954412,32954411.999999996,6.3776,2.86,74.1
2021-12-10 00:00:00,3842.97,10.52,32.809381,32809381.000000004,6.37,2.848,74.98
2021-12-13 00:00:00,3858.42,6.97,33.3010448,33301044.8,6.367,2.86,74.12
2021-12-14 00:00:00,3837.9,7.63,33.006945699999996,33006945.699999996,6.36755,2.849,73.37
2021-12-15 00:00:00,3823.12,11.21,33.4270941,33427094.099999998,6.36755,2.85,73.71
2021-12-16 00:00:00,3851.9,11.94,33.9942969,33994296.9,6.3683,2.86,74.64
2021-12-17 00:00:00,3807.11,6.7,34.4545747,34454574.7,6.3758,2.856,72.97
2021-12-20 00:00:00,3766.39,8.66,33.378585,33378585,6.3757,2.858,70.51
2021-12-21 00:00:00,3799.38,10.04,33.531481299999996,33531481.299999997,6.37205,2.863,72.85
2021-12-22 00:00:00,3796.52,8.74,34.6245147,34624514.699999996,6.3699,2.843,74.69
2021-12-23 00:00:00,3818.35,9.96,35.1341775,35134177.5,6.37025,2.82,76.26
2021-12-24 00:00:00,3791.82,10.07,35.6566786,35656678.6,6.36765,2.834,75.24
2021-12-27 00:00:00,3789.51,-0.01,36.551704300000004,36551704.300000004,6.37125,2.814,75.24
2021-12-28 00:00:00,3804.29,3.12,36.84164019999999,36841640.199999996,6.3687,2.805,75.24
2021-12-29 00:00:00,3769.55,4.13,36.7635904,36763590.4,6.3684,2.793,78.63
2021-12-30 00:00:00,3792.8,3.43,36.2754324,36275432.4,6.3731,2.778,78.61
2021-12-31 00:00:00,3814.3,4.12,36.506132,36506132,6.3561,2.783,77.24
2022-01-03 00:00:00,3814.3,6.81,34.9946805,34994680.5,6.3561,2.783,78.25
2022-01-04 00:00:00,3806.5,8.78,35.501075300000004,35501075.300000004,6.37255,2.793,79.39
2022-01-05 00:00:00,3767.52,9.62,35.8224698,35822469.8,6.36435,2.809,80.6
2022-01-06 00:00:00,3757.99,6.87,36.110353,36110353,6.383,2.822,81.99
2022-01-07 00:00:00,3751.34,6.53,36.193404199999996,36193404.199999996,6.3778,2.823,82.28
2022-01-10 00:00:00,3766.03,5.56,36.3553007,36355300.7,6.3762,2.809,81.56
2022-01-11 00:00:00,3738.63,3.9,36.1017393,36101739.3,6.3741,2.799,84.98
2022-01-12 00:00:00,3770.09,3.67,36.180952000000005,36180952.00000001,6.3584,2.8,85.83
2022-01-13 00:00:00,3725.74,2.7,35.9720092,35972009.2,6.35985,2.794,85.8
2022-01-14 00:00:00,3689.96,2.8,35.6555681,35655568.1,6.35275,2.795,87.17
2022-01-17 00:00:00,3711.46,6.97,35.192991899999996,35192991.9,6.34875,2.791,87.82
2022-01-18 00:00:00,3741.12,6.19,35.2505466,35250546.6,6.35295,2.756,88.83
2022-01-19 00:00:00,3728.82,7.45,35.1735227,35173522.7,6.345,2.732,89.64
2022-01-20 00:00:00,3725.56,5.76,35.2093535,35209353.5,6.34105,2.726,89.75
2022-01-21 00:00:00,3691.48,5.72,35.0870581,35087058.1,6.339,2.713,89.75
2022-01-24 00:00:00,3693.1,6.94,34.379607400000005,34379607.400000006,6.33075,2.686,87.74
2022-01-25 00:00:00,3597.65,5.87,34.30614,34306140,6.3261,2.672,89.49
2022-01-26 00:00:00,3621.42,6.68,33.5117256,33511725.599999998,6.3209,2.715,91.22
2022-01-27 00:00:00,3556.99,6.35,32.8705696,32870569.6,6.3683,2.735,90.7
2022-01-28 00:00:00,3522.48,4.88,31.788324799999998,31788324.799999997,6.361,2.717,91.47
2022-01-31 00:00:00,3522.48,3.91,29.38765,29387650,6.361,2.717,92.35
2022-02-01 00:00:00,3522.48,3.82,24.754999299999998,24754999.299999997,6.361,2.717,90.24
2022-02-02 00:00:00,3522.48,3.85,24.6843876,24684387.6,6.361,2.717,91.43
2022-02-03 00:00:00,3522.48,4.93,24.6885682,24688568.2,6.361,2.717,92.99
2022-02-04 00:00:00,3522.48,4.4,24.4388981,24438898.099999998,6.361,2.717,96.86
2022-02-07 00:00:00,3594.01,4.03,25.1387722,25138772.2,6.3623,2.722,97.28
2022-02-08 00:00:00,3618.24,5.43,25.911574899999998,25911574.9,6.36655,2.722,96.07
2022-02-09 00:00:00,3646.86,4.94,26.1135558,26113555.8,6.3627,2.734,94.95
2022-02-10 00:00:00,3653.11,5.44,25.8821431,25882143.1,6.3541,2.747,96.37
2022-02-11 00:00:00,3629.05,6.21,26.119937800000002,26119937.8,6.35455,2.794,97.5
2022-02-14 00:00:00,3593.4,5.88,26.708823,26708823,6.3576,2.798,101.66
2022-02-15 00:00:00,3611.52,5.23,26.8195832,26819583.2,6.3392,2.8,98.43
2022-02-16 00:00:00,3632.27,4.73,27.162441799999996,27162441.799999997,6.3372,2.793,97.44
2022-02-17 00:00:00,3634.64,3.23,27.88124,27881240,6.3384,2.783,95.28
2022-02-18 00:00:00,3658.5,4.31,28.4974986,28497498.6,6.3256,2.804,96.18
2022-02-21 00:00:00,3658.36,3.51,29.3256975,29325697.5,6.33525,2.837,98.95
2022-02-22 00:00:00,3623.2,4.58,29.720777299999998,29720777.299999997,6.32655,2.843,98.73
2022-02-23 00:00:00,3656.72,2.91,29.788756,29788756,6.315,2.818,99.29
2022-02-24 00:00:00,3594.62,3.29,29.033526600000002,29033526.6,6.32915,2.806,101.29
2022-02-25 00:00:00,3617.17,5.61,27.8683266,27868326.599999998,6.3175,2.79,98.56
2022-02-28 00:00:00,3628.66,12.85,26.0712656,26071265.6,6.30925,2.791,103.08
2022-03-01 00:00:00,3656.55,12.15,31.001966200000002,31001966.200000003,6.3122,2.818,110.93
2022-03-02 00:00:00,3651.71,9.26,30.873055400000002,30873055.400000002,6.3211,2.834,118.94
2022-03-03 00:00:00,3648.53,11.2,30.3285757,30328575.7,6.32015,2.844,115.36
2022-03-04 00:00:00,3613.44,13.91,30.2423321,30242332.099999998,6.31995,2.832,123.86
2022-03-07 00:00:00,3534.89,8.4,30.2692469,30269246.9,6.3208,2.84,129.02
2022-03-08 00:00:00,3451.81,10.8,30.2232646,30223264.6,6.3187,2.84,133.18
2022-03-09 00:00:00,3412.88,11.81,30.0874747,30087474.700000003,6.31775,2.863,116.58
2022-03-10 00:00:00,3454.57,13.76,29.585650100000002,29585650.1,6.3219,2.861,114.54
2022-03-11 00:00:00,3469.03,16.46,29.6773863,29677386.299999997,6.3398,2.826,118.11
2022-03-14 00:00:00,3378.68,16.26,29.8679947,29867994.7,6.3657,2.78,110.39
2022-03-15 00:00:00,3211.42,13.52,29.7123579,29712357.900000002,6.37055,2.824,105.14
2022-03-16 00:00:00,3323.35,18.14,29.684523499999997,29684523.499999996,6.35225,2.81,104.61
2022-03-17 00:00:00,3369.75,15.65,30.5103655,30510365.5,6.347,2.813,113.5
2022-03-18 00:00:00,3407.57,10.2,30.8456994,30845699.400000002,6.3612,2.803,114.32
2022-03-21 00:00:00,3410.16,8.27,31.2698285,31269828.5,6.356,2.819,122.29
2022-03-22 00:00:00,3416.64,8.45,31.4711662,31471166.2,6.36645,2.84,121.53
2022-03-23 00:00:00,3428.37,10.08,30.397278799999995,30397278.799999997,6.3724,2.844,127.52
2022-03-24 00:00:00,3406.56,12.19,29.1363053,29136305.3,6.36775,2.815,123.98
2022-03-25 00:00:00,3366.68,16.98,28.9012085,28901208.5,6.3662,2.811,122.67
2022-03-28 00:00:00,3369.07,11.43,28.2551611,28255161.099999998,6.37215,2.811,114.5
2022-03-29 00:00:00,3357.94,13.05,28.206508499999998,28206508.5,6.3642,2.808,112.79
2022-03-30 00:00:00,3423.74,16.51,29.0171597,29017159.7,6.34765,2.802,115.59
2022-03-31 00:00:00,3408.61,11.51,29.5415013,29541501.3,6.34,2.817,107.29
2022-04-01 00:00:00,3440.64,9.6,30.877832000000005,30877832.000000004,6.3631,2.811,106.13
2022-04-04 00:00:00,3440.64,11.88,28.945427000000002,28945427.000000004,6.3631,2.811,108.15
2022-04-05 00:00:00,3440.64,12.92,27.9026656,27902665.599999998,6.3631,2.811,106.6
2022-04-06 00:00:00,3441.33,15.69,28.276468499999996,28276468.499999996,6.35995,2.788,100.81
2022-04-07 00:00:00,3392.36,17.94,29.022446899999995,29022446.899999995,6.3604,2.786,99.83
2022-04-08 00:00:00,3408.23,17.54,28.260154800000002,28260154.8,6.365,2.79,101.26
2022-04-11 00:00:00,3319.34,22.31,27.7506684,27750668.4,6.37,2.811,97.92
2022-04-12 00:00:00,3367.82,23.08,28.557409800000002,28557409.8,6.36605,2.814,104.42
2022-04-13 00:00:00,3339.98,16.76,28.952834799999998,28952834.799999997,6.3682,2.804,108.49
2022-04-14 00:00:00,3380.73,15.5,29.2337338,29233733.8,6.3784,2.806,110.83
2022-04-15 00:00:00,3365.69,13.9,28.8055565,28805556.5,6.3712,2.812,110.83
2022-04-18 00:00:00,3349.13,15.94,28.442889700000002,28442889.700000003,6.367,2.851,110.83
2022-04-19 00:00:00,3347.55,17.25,28.075321000000002,28075321.000000004,6.3935,2.852,105.49
2022-04-20 00:00:00,3302.51,17.99,27.290028,27290028,6.4192,2.862,105.05
2022-04-21 00:00:00,3227.82,19.18,26.4235188,26423518.8,6.45065,2.853,107.2
2022-04-22 00:00:00,3235.27,21.19,26.338493000000003,26338493.000000004,6.5013,2.878,105.15
2022-04-25 00:00:00,3069.17,21.89,27.140187,27140187,6.55935,2.819,99.27
2022-04-26 00:00:00,3025.03,20.81,26.998136799999997,26998136.799999997,6.5566,2.833,102.89
2022-04-27 00:00:00,3100.34,17.36,27.096157600000005,27096157.600000005,6.56055,2.843,103.3
2022-04-28 00:00:00,3118.4,18.01,28.0656833,28065683.3,6.62595,2.85,105.78
2022-04-29 00:00:00,3193.33,15.05,28.110796999999998,28110796.999999996,6.6085,2.841,108.36
2022-05-02 00:00:00,3193.33,14.83,27.6235278,27623527.8,6.6085,2.841,108.36
2022-05-03 00:00:00,3193.33,19.83,26.4931005,26493100.5,6.6085,2.841,104.94
2022-05-04 00:00:00,3193.33,19.56,26.0031961,26003196.1,6.6085,2.841,110.53
2022-05-05 00:00:00,3215.1,19.98,26.479950999999996,26479950.999999996,6.65575,2.832,112.11
2022-05-06 00:00:00,3145.63,22.01,27.168055900000002,27168055.900000002,6.66655,2.834,113.86
2022-05-09 00:00:00,3148.41,18.31,28.547671,28547671,6.73075,2.823,106.67
2022-05-10 00:00:00,3181.72,18.19,28.4254661,28425466.1,6.73465,2.811,102.61
2022-05-11 00:00:00,3205.63,19.99,28.8195124,28819512.400000002,6.7211,2.828,107.7
2022-05-12 00:00:00,3201.84,19.15,28.6998248,28699824.799999997,6.787,2.815,108.06
2022-05-13 00:00:00,3232.58,16.99,28.148411600000003,28148411.6,6.789,2.818,112.12
2022-05-16 00:00:00,3221.49,19.64,26.7986821,26798682.1,6.7862,2.828,114.86
2022-05-17 00:00:00,3242.3,20.78,26.3509001,26350900.1,6.7377,2.822,112.89
2022-05-18 00:00:00,3233.8,20.23,26.715932700000003,26715932.700000003,6.7545,2.808,110.04
2022-05-19 00:00:00,3245.4,19.63,27.8600551,27860055.1,6.7125,2.811,113.22
2022-05-20 00:00:00,3297.33,20.79,27.883059000000003,27883059.000000004,6.69295,2.822,113.63
2022-05-23 00:00:00,3297.7,20.55,27.3931708,27393170.8,6.65075,2.805,115.13
2022-05-24 00:00:00,3218.12,20.65,27.5331627,27533162.7,6.65375,2.801,115.77
2022-05-25 00:00:00,3256.4,22.62,27.318629400000003,27318629.400000002,6.6928,2.782,116.41
2022-05-26 00:00:00,3272.82,21.41,27.351808000000002,27351808.000000004,6.7389,2.747,119.81
2022-05-27 00:00:00,3280.26,23.1,27.521838399999996,27521838.399999995,6.69855,2.75,121.19
2022-05-30 00:00:00,3299.85,24.58,27.073703599999998,27073703.599999998,6.6606,2.76,123.01
2022-05-31 00:00:00,3338.94,22.55,27.447440999999998,27447440.999999996,6.672,2.803,125.53
2022-06-01 00:00:00,3334.46,24.52,27.1590276,27159027.6,6.6864,2.8,122.2
2022-06-02 00:00:00,3348.3,25.01,26.6156433,26615643.299999997,6.6603,2.808,122.2
2022-06-03 00:00:00,3348.3,23.65,25.5798642,25579864.2,6.6603,2.808,125.68
2022-06-06 00:00:00,3390.95,24.7,27.576774,27576774,6.65395,2.822,124.99
2022-06-07 00:00:00,3396.54,23.39,28.0339271,28033927.1,6.67025,2.812,126.89
2022-06-08 00:00:00,3419.7,22.08,28.4648209,28464820.9,6.68375,2.814,129.2
2022-06-09 00:00:00,3393.63,23.88,28.866283899999996,28866283.899999995,6.69225,2.807,128.47
2022-06-10 00:00:00,3441.79,22.08,28.971776399999996,28971776.399999995,6.70885,2.81,127.44
2022-06-13 00:00:00,3411.06,22.56,28.3173071,28317307.1,6.7546,2.812,128.44
2022-06-14 00:00:00,3446.12,25.19,28.6939034,28693903.4,6.741,2.818,127.02
2022-06-15 00:00:00,3463.62,26.86,29.5034411,29503441.1,6.7141,2.828,124.96
2022-06-16 00:00:00,3442.85,27,29.7185003,29718500.299999997,6.70345,2.821,125.78
2022-06-17 00:00:00,3475.83,27.05,30.0300427,30030042.7,6.71665,2.816,119.22
2022-06-20 00:00:00,3474.54,26.65,30.57667,30576670,6.6925,2.794,118.25
2022-06-21 00:00:00,3465.49,27.18,31.5250697,31525069.7,6.6895,2.791,118.51
2022-06-22 00:00:00,3424.06,29.27,31.861085199999998,31861085.2,6.7023,2.78,115.54
2022-06-23 00:00:00,3479.53,29.95,31.355611899999996,31355611.899999995,6.6985,2.784,114.5
2022-06-24 00:00:00,3510.59,28.64,31.621249699999996,31621249.699999996,6.6898,2.801,117.36
2022-06-27 00:00:00,3541.52,29.71,32.117991599999996,32117991.599999998,6.6918,2.838,119.69
2022-06-28 00:00:00,3573.04,30.45,32.2043092,32204309.199999996,6.70805,2.847,122.21
2022-06-29 00:00:00,3522.98,29.86,32.0543519,32054351.9,6.7,2.838,120.8
2022-06-30 00:00:00,3561.89,27.95,32.1101985,32110198.500000004,6.6993,2.824,119.78
2022-07-01 00:00:00,3550.33,27.61,28.638172400000002,28638172.400000002,6.7015,2.827,119.21
2022-07-04 00:00:00,3569.06,29.15,27.983324399999997,27983324.4,6.70005,2.856,121.8
2022-07-05 00:00:00,3567.64,29.39,28.8595053,28859505.299999997,6.71985,2.851,110.49
2022-07-06 00:00:00,3516.65,31.01,29.1453474,29145347.4,6.708,2.839,108.54
2022-07-07 00:00:00,3526.2,31.48,29.459261299999998,29459261.299999997,6.702,2.842,113.4
2022-07-08 00:00:00,3517.37,31.68,29.9342973,29934297.3,6.69525,2.843,113.95
2022-07-11 00:00:00,3472.7,30.82,30.378510600000002,30378510.6,6.71825,2.824,114.85
2022-07-12 00:00:00,3439.07,32.76,30.9181283,30918128.3,6.7248,2.817,106.98
2022-07-13 00:00:00,3441.89,32.19,31.8503054,31850305.4,6.7187,2.813,107.17
2022-07-14 00:00:00,3439.04,33.43,32.104229,32104228.999999996,6.7561,2.797,107.74
2022-07-15 00:00:00,3382.68,31.26,32.4515276,32451527.599999998,6.75745,2.792,112.26
2022-07-18 00:00:00,3435.22,29.68,31.889763600000002,31889763.6,6.74325,2.789,117.27
2022-07-19 00:00:00,3436.68,29.03,32.364144,32364144.000000004,6.7445,2.796,114.96
2022-07-20 00:00:00,3463.04,30.29,31.9302027,31930202.7,6.75585,2.78,115.86
2022-07-21 00:00:00,3428.64,29.54,31.5691639,31569163.9,6.76675,2.77,112.81
2022-07-22 00:00:00,3426.6,30.83,31.953735100000003,31953735.1,6.75145,2.785,106.77
2022-07-25 00:00:00,3406.14,29.49,31.602325099999998,31602325.099999998,6.75095,2.785,108.23
2022-07-26 00:00:00,3434.54,31.02,31.7519268,31751926.8,6.76325,2.775,107.32
2022-07-27 00:00:00,3432.7,31.09,32.3074427,32307442.700000003,6.7585,2.771,109.64
2022-07-28 00:00:00,3439.74,31.23,32.404560100000005,32404560.100000005,6.74725,2.783,109.68
2022-07-29 00:00:00,3408.96,29.35,32.3963669,32396366.9,6.7442,2.759,111.51
2022-08-01 00:00:00,3415.75,30.63,32.3549761,32354976.1,6.7688,2.736,106.09
2022-08-02 00:00:00,3338.49,30.21,33.3528788,33352878.8,6.7525,2.733,106.51
2022-08-03 00:00:00,3314.75,30.49,33.563752,33563752,6.7573,2.728,101.82
2022-08-04 00:00:00,3341.39,31.97,33.9009542,33900954.2,6.7493,2.722,97.99
2022-08-05 00:00:00,3381.24,32.5,33.6887307,33688730.7,6.7619,2.738,100.31
2022-08-08 00:00:00,3391.34,31.93,33.6359533,33635953.3,6.7506,2.743,103.46
2022-08-09 00:00:00,3402.43,32.81,33.1018433,33101843.299999997,6.75265,2.748,103.81
2022-08-10 00:00:00,3384.14,32.7,32.7172424,32717242.400000002,6.72375,2.741,105.06
2022-08-11 00:00:00,3438.4,32.64,33.1788554,33178855.400000002,6.74475,2.737,107.19
2022-08-12 00:00:00,3433.36,33.27,33.5792735,33579273.5,6.74275,2.739,103.7
2022-08-15 00:00:00,3432.65,32.91,33.424085,33424084.999999996,6.7735,2.672,98.25
2022-08-16 00:00:00,3434.57,32.94,33.6431927,33643192.7,6.78825,2.637,95.36
2022-08-17 00:00:00,3450.03,30.61,33.5617316,33561731.6,6.78095,2.643,97.22
2022-08-18 00:00:00,3434.24,31.76,33.2216357,33221635.7,6.7861,2.624,96.35
2022-08-19 00:00:00,3413.93,33.77,33.043682700000005,33043682.700000007,6.8167,2.623,96.45
2022-08-22 00:00:00,3434.61,33.9,32.6269407,32626940.7,6.8486,2.63,95.06
2022-08-23 00:00:00,3433.02,34.01,32.1530337,32153033.700000003,6.8351,2.639,99.49
2022-08-24 00:00:00,3369.17,29.37,32.2240123,32224012.299999997,6.85955,2.639,99.87
2022-08-25 00:00:00,3401.72,30.45,32.3716289,32371628.9,6.84925,2.66,98.81
2022-08-26 00:00:00,3391.19,28.86,31.5295904,31529590.4,6.87175,2.669,101.13
2022-08-29 00:00:00,3396,30.29,30.9242763,30924276.3,6.90805,2.657,101.13
2022-08-30 00:00:00,3381.87,29.55,30.8817518,30881751.8,6.9119,2.639,99.34
2022-08-31 00:00:00,3355.6,26.91,30.255862799999996,30255862.799999997,6.8904,2.649,96.55
2022-09-01 00:00:00,3337.62,26.58,31.714858399999997,31714858.4,6.907,2.633,92.24
2022-09-02 00:00:00,3339.17,25.26,31.078557699999998,31078557.7,6.9,2.636,93.09
2022-09-05 00:00:00,3353.23,25.73,30.634169699999998,30634169.7,6.93405,2.634,94.22
2022-09-06 00:00:00,3398.82,25.82,30.7446234,30744623.4,6.9545,2.627,91.43
2022-09-07 00:00:00,3401.82,28.11,31.6812215,31681221.5,6.96615,2.631,86.83
2022-09-08 00:00:00,3390.66,26.74,32.240424399999995,32240424.399999995,6.95755,2.638,87.99
2022-09-09 00:00:00,3418.38,25.36,32.794843300000004,32794843.300000004,6.9265,2.652,91.68
2022-09-12 00:00:00,3418.38,24.76,31.1049595,31104959.5,6.9265,2.652,93.45
2022-09-13 00:00:00,3420.263,24.62,31.144602600000002,31144602.6,6.9255,2.653,92.04
2022-09-14 00:00:00,3392.77,26.81,31.0102352,31010235.2,6.9621,2.66,92.83
2022-09-15 00:00:00,3353.31,25.48,30.8877031,30887703.099999998,6.99445,2.666,89.28
2022-09-16 00:00:00,3276.13,25.31,31.210227599999996,31210227.599999998,6.97995,2.685,89.43
2022-09-19 00:00:00,3264.91,23.21,30.645496200000004,30645496.200000003,7.00665,2.677,89.43
2022-09-20 00:00:00,3271.98,21.79,30.6732665,30673266.5,7.0183,2.665,89.62
2022-09-21 00:00:00,3266.51,22.17,29.874932,29874932,7.049,2.668,89.86
2022-09-22 00:00:00,3257.87,23.74,29.5490364,29549036.4,7.0781,2.678,90.4
2022-09-23 00:00:00,3236.52,23.07,29.5605952,29560595.200000003,7.12835,2.693,84.29
2022-09-26 00:00:00,3197.92,23.05,30.144008699999997,30144008.699999996,7.13375,2.723,82.55
2022-09-27 00:00:00,3242.51,23.29,30.341391299999998,30341391.299999997,7.1779,2.715,85.97
2022-09-28 00:00:00,3191.38,23.31,30.2574234,30257423.400000002,7.2005,2.746,89.55
2022-09-29 00:00:00,3187.27,22.63,29.9990052,29999005.2,7.125,2.757,89.41
2022-09-30 00:00:00,3169.6,24.92,29.8104088,29810408.8,7.116,2.782,88.9
2022-10-03 00:00:00,3169.6,29.34,28.335671599999998,28335671.599999998,7.116,2.782,90.68
2022-10-04 00:00:00,3169.6,22.69,28.298501899999998,28298501.9,7.116,2.782,93.74
2022-10-05 00:00:00,3169.6,19.13,28.7011753,28701175.3,7.116,2.782,94.35
2022-10-06 00:00:00,3169.6,18.3,29.4914699,29491469.9,7.116,2.782,95.65
2022-10-07 00:00:00,3169.6,17.37,29.0338788,29033878.8,7.116,2.782,98.88
2022-10-10 00:00:00,3116.85,13.83,27.4266176,27426617.6,7.15455,2.75,97.13
2022-10-11 00:00:00,3122.75,14.67,28.162020000000002,28162020,7.16545,2.753,95.17
2022-10-12 00:00:00,3170.52,17.1,28.1093348,28109334.8,7.1748,2.748,93.44
2022-10-13 00:00:00,3160.94,18.29,28.5071918,28507191.8,7.17055,2.734,95.16
2022-10-14 00:00:00,3219.29,19.18,28.4196458,28419645.8,7.191,2.714,92.22
2022-10-17 00:00:00,3232.84,17.62,27.260823499999997,27260823.499999996,7.19645,2.71,91.04
2022-10-18 00:00:00,3228.64,14.98,27.5788072,27578807.2,7.2021,2.706,89.46
2022-10-19 00:00:00,3190.27,15.33,27.2107936,27210793.599999998,7.22875,2.711,91.34
2022-10-20 00:00:00,3180.48,17.33,26.9248798,26924879.8,7.21675,2.736,91.52
2022-10-21 00:00:00,3184.52,20.25,27.4751097,27475109.7,7.24375,2.729,91.82
2022-10-24 00:00:00,3120.1,16.95,27.651339600000004,27651339.600000005,7.263,2.725,91.57
2022-10-25 00:00:00,3119.2,16.82,27.087582800000003,27087582.800000004,7.2694,2.733,91.76
2022-10-26 00:00:00,3143.6,18.39,27.791071100000003,27791071.100000005,7.17295,2.727,92.93
2022-10-27 00:00:00,3126.26,19.03,28.415081799999996,28415081.799999997,7.22895,2.701,94.17
2022-10-28 00:00:00,3055.996,17.87,28.536531800000002,28536531.8,7.25245,2.683,94.64
2022-10-31 00:00:00,3032.52,18.4,28.211170899999995,28211170.899999995,7.3029,2.65,93.3
2022-11-01 00:00:00,3111.95,17.44,28.513866900000004,28513866.900000002,7.2775,2.67,95.12
2022-11-02 00:00:00,3147.76,16.99,28.8039613,28803961.3,7.29,2.683,96.07
2022-11-03 00:00:00,3141.92,16.12,29.2013564,29201356.400000002,7.3015,2.676,95.29
2022-11-04 00:00:00,3218.44,15.17,29.4359275,29435927.5,7.1851,2.708,99.53
2022-11-07 00:00:00,3225.78,16.47,29.6339196,29633919.599999998,7.2296,2.699,99.87
2022-11-08 00:00:00,3211.87,16.98,29.5583615,29558361.5,7.24925,2.702,96.85
2022-11-09 00:00:00,3194.73,18.89,29.618515499999997,29618515.499999996,7.2419,2.701,93.05
2022-11-10 00:00:00,3182.12,20.47,29.8482365,29848236.5,7.187,2.71,94.25
2022-11-11 00:00:00,3235.8,21.2,30.2776178,30277617.8,7.1083,2.743,96.37
2022-11-14 00:00:00,3231.77,12.8,31.193470399999995,31193470.399999995,7.074,2.84,93.59
2022-11-15 00:00:00,3284.87,13.23,30.940364199999998,30940364.2,7.0445,2.826,94.3
2022-11-16 00:00:00,3270.13,14.51,31.336698100000003,31336698.1,7.0889,2.848,92.61
2022-11-17 00:00:00,3265.39,16.19,30.9246035,30924603.5,7.15645,2.848,91
2022-11-18 00:00:00,3246.33,18.32,30.8036085,30803608.5,7.1196,2.833,88.93
2022-11-21 00:00:00,3233.508,16.64,30.714015999999997,30714015.999999996,7.1653,2.829,88.44
2022-11-22 00:00:00,3237.62,16.9,31.2235605,31223560.5,7.1399,2.845,88.65
2022-11-23 00:00:00,3245.99,15.2,31.1615694,31161569.400000002,7.1605,2.816,85.9
2022-11-24 00:00:00,3238,15.05,30.7903777,30790377.7,7.152,2.807,85.59
2022-11-25 00:00:00,3251,16.94,30.6314034,30631403.4,7.16535,2.841,83.4
2022-11-28 00:00:00,3226.7,19.22,31.096402299999998,31096402.299999997,7.2082,2.867,83.5
2022-11-29 00:00:00,3301.37,13.18,32.3922462,32392246.200000003,7.1593,2.911,83.22
2022-11-30 00:00:00,3303.1,6,33.2821937,33282193.7,7.09245,2.923,85.61
2022-12-01 00:00:00,3317.9,3.91,33.2016555,33201655.5,7.04445,2.907,86.28
2022-12-02 00:00:00,3308.06,5.15,32.6627109,32662710.900000002,7.0195,2.903,86.54
2022-12-05 00:00:00,3366.49,8.37,33.0542313,33054231.299999997,6.962,2.922,83.36
2022-12-06 00:00:00,3367.27,7.73,33.1542477,33154247.7,6.996,2.948,79.92
2022-12-07 00:00:00,3353.73,9.55,32.98889080000001,32988890.80000001,6.97175,2.902,77.11
2022-12-08 00:00:00,3351.4,12.35,33.1908818,33190881.8,6.9674,2.906,76.02
2022-12-09 00:00:00,3361.46,13.19,33.3212222,33321222.200000003,6.9584,2.925,76.37
2022-12-12 00:00:00,3332.19,6.21,33.814450099999995,33814450.099999994,6.97755,2.923,78
2022-12-13 00:00:00,3329.36,5.25,33.813746,33813746,6.9445,2.93,80.14
2022-12-14 00:00:00,3329.56,4.09,33.9824482,33982448.2,6.9509,2.895,83.33
2022-12-15 00:00:00,3321.31,6.37,34.0096452,34009645.2,6.9738,2.909,82.34
2022-12-16 00:00:00,3320.47,8.31,34.0618317,34061831.699999996,6.9733,2.911,80.2
2022-12-19 00:00:00,3256.76,3.46,34.092710000000004,34092710.00000001,6.9797,2.896,81.66
2022-12-20 00:00:00,3221.71,6.41,33.7561263,33756126.3,6.96185,2.898,79.45
2022-12-21 00:00:00,3216.13,6.12,33.7141794,33714179.4,6.9815,2.898,80.25
2022-12-22 00:00:00,3201.51,1.87,33.8159206,33815920.6,6.98445,2.88,79.58
2022-12-23 00:00:00,3192.64,-0.47,33.552381600000004,33552381.600000005,6.9899,2.865,82.45
2022-12-26 00:00:00,3213.28,3.01,34.172385,34172385,6.9622,2.883,82.45
2022-12-27 00:00:00,3244.71,3.85,34.2757737,34275773.7,6.9601,2.905,82.45
2022-12-28 00:00:00,3236.18,4.92,34.6239863,34623986.3,6.9787,2.893,81.7
2022-12-29 00:00:00,3221.87,4.15,35.0783226,35078322.6,6.96375,2.882,80.96
2022-12-30 00:00:00,3238.19,3.91,34.8110729,34811072.9,6.8986,2.884,82.82
2023-01-02 00:00:00,3238.19,6.18,36.1836219,36183621.9,6.8986,2.884,82.82
2023-01-03 00:00:00,3266.76,5.42,36.689829800000005,36689829.800000004,6.915,2.873,80.36
2023-01-04 00:00:00,3274.16,4.89,36.694278800000006,36694278.800000004,6.88875,2.863,75.31
2023-01-05 00:00:00,3307.39,7.9,36.047183600000004,36047183.6,6.882,2.87,76.73
2023-01-06 00:00:00,3309.93,8.03,35.4695373,35469537.3,6.8385,2.885,76.41
2023-01-09 00:00:00,3329.24,9.24,34.1566547,34156654.699999996,6.7725,2.903,77.5
2023-01-10 00:00:00,3322.38,7.07,33.926713400000004,33926713.400000006,6.7785,2.92,78.4
2023-01-11 00:00:00,3314.35,9.07,33.1027042,33102704.2,6.7705,2.917,81.11
2023-01-12 00:00:00,3316.06,14.3,32.2347159,32234715.9,6.73875,2.917,82.59
2023-01-13 00:00:00,3349.47,15.23,32.017191,32017190.999999996,6.703,2.933,83.43
2023-01-16 00:00:00,3383.25,-0.26,33.2752095,33275209.500000004,6.7336,2.955,82.65
2023-01-17 00:00:00,3379.71,1.48,33.080404,33080404,6.7739,2.945,84.38
2023-01-18 00:00:00,3379.9,2.28,31.6188739,31618873.900000002,6.74845,2.952,83.78
2023-01-19 00:00:00,3396.46,4.12,30.617463200000003,30617463.200000003,6.7769,2.95,85.08
2023-01-20 00:00:00,3422.19,3.76,29.8266064,29826606.4,6.7845,2.985,86.96
2023-01-23 00:00:00,3422.19,6.94,28.8849295,28884929.5,6.7845,2.985,87.54
2023-01-24 00:00:00,3422.19,-1.33,29.271793199999998,29271793.2,6.7845,2.985,85.25
2023-01-25 00:00:00,3422.19,-1.49,29.4807153,29480715.3,6.7845,2.985,85.08
2023-01-26 00:00:00,3422.19,2.69,29.752119899999997,29752119.9,6.7845,2.985,86.29
2023-01-27 00:00:00,3422.19,0.51,30.3214386,30321438.6,6.7845,2.985,85.36
2023-01-30 00:00:00,3426.89,4.53,31.4820849,31482084.9,6.7495,2.94,84.9
2023-01-31 00:00:00,3412.53,8.53,31.3625914,31362591.4,6.75465,2.928,83.42
2023-02-01 00:00:00,3443.19,8.37,26.777682799999997,26777682.799999997,6.7419,2.935,81.61
2023-02-02 00:00:00,3443.99,4.65,27.811844699999998,27811844.7,6.7323,2.938,80.57
2023-02-03 00:00:00,3420.65,5.48,28.335875899999998,28335875.9,6.7749,2.926,78.85
2023-02-06 00:00:00,3394.72,8.98,28.362219,28362219,6.7954,2.909,80.48
2023-02-07 00:00:00,3404.48,8.45,28.548953899999997,28548953.9,6.7927,2.901,82.92
2023-02-08 00:00:00,3387.67,7.64,28.8276806,28827680.6,6.7891,2.905,84.17
2023-02-09 00:00:00,3427.91,8.39,29.3783606,29378360.6,6.7806,2.897,83.46
2023-02-10 00:00:00,3417.71,6.97,29.306624899999996,29306624.899999995,6.8095,2.904,85.46
2023-02-13 00:00:00,3442.41,5.99,29.2669749,29266974.900000002,6.82305,2.902,85.98
2023-02-14 00:00:00,3452.02,4.29,29.403510699999998,29403510.7,6.82685,2.893,84.96
2023-02-15 00:00:00,3438.62,3.81,29.9514202,29951420.200000003,6.85295,2.897,84.11
2023-02-16 00:00:00,3405.65,4.55,29.519807199999995,29519807.199999996,6.8606,2.901,83.84
2023-02-17 00:00:00,3379.4,8.26,29.0469178,29046917.8,6.86755,2.892,81.97
2023-02-20 00:00:00,3448.95,5.98,28.934280100000002,28934280.1,6.85515,2.919,82.79
2023-02-21 00:00:00,3465.92,4.88,29.209387999999997,29209387.999999996,6.8735,2.922,82.14
2023-02-22 00:00:00,3449.77,6.2,29.7229399,29722939.9,6.89225,2.921,79.55
2023-02-23 00:00:00,3445.94,6.85,29.913884,29913884,6.9081,2.925,82.08
2023-02-24 00:00:00,3424.61,6.23,29.6170446,29617044.6,6.95625,2.919,82.31
2023-02-27 00:00:00,3415.15,5.98,27.875232,27875232,6.945,2.916,81.24
2023-02-28 00:00:00,3437.75,9.88,27.977168000000002,27977168.000000004,6.9334,2.913,83.21
2023-03-01 00:00:00,3472.11,10.4,33.6984482,33698448.2,6.86905,2.913,83.68
2023-03-02 00:00:00,3470.27,6.97,33.5390527,33539052.7,6.9153,2.928,84.15
2023-03-03 00:00:00,3488.89,7.68,33.5570052,33557005.199999996,6.9074,2.919,85.74
2023-03-06 00:00:00,3482.24,12.44,32.4064479,32406447.900000002,6.93,2.898,85.86
2023-03-07 00:00:00,3443.52,13.41,31.907745900000002,31907745.900000002,6.96275,2.89,83.03
2023-03-08 00:00:00,3441.51,16.03,32.2268002,32226800.2,6.95155,2.896,82.1
2023-03-09 00:00:00,3434.02,17.58,31.9181295,31918129.5,6.96475,2.888,81
2023-03-10 00:00:00,3385.77,16.92,31.700815799999997,31700815.799999997,6.90625,2.88,82.3
2023-03-13 00:00:00,3426.34,8.43,32.1103927,32110392.7,6.8465,2.883,79.67
2023-03-14 00:00:00,3401.86,11.76,31.6523855,31652385.5,6.8715,2.885,76.77
2023-03-15 00:00:00,3420.73,13.01,31.825207499999998,31825207.499999996,6.90735,2.878,74.3
2023-03-16 00:00:00,3382.53,10.1,32.6841236,32684123.599999998,6.89825,2.858,73.12
2023-03-17 00:00:00,3407.34,8.61,33.1090104,33109010.400000002,6.88665,2.867,71.03
2023-03-20 00:00:00,3390.98,11.66,32.118285300000004,32118285.300000004,6.8785,2.863,72.42
2023-03-21 00:00:00,3412.64,13.5,31.944286899999998,31944286.9,6.8845,2.868,74.78
2023-03-22 00:00:00,3423.23,14.99,32.297480900000004,32297480.900000002,6.88065,2.864,76.08
2023-03-23 00:00:00,3445.16,12.76,32.1505989,32150598.9,6.8199,2.874,74.31
2023-03-24 00:00:00,3423.04,9.51,32.8259945,32825994.5,6.868,2.879,73.63
2023-03-27 00:00:00,3408.04,11.3,32.002076100000004,32002076.100000005,6.88505,2.86,76.8
2023-03-28 00:00:00,3401.73,11.51,31.758920099999997,31758920.099999998,6.875,2.864,78.07
2023-03-29 00:00:00,3396.17,11.98,31.219737000000002,31219737.000000004,6.8871,2.865,77.51
2023-03-30 00:00:00,3418.23,12.07,31.324479800000002,31324479.8,6.8719,2.86,78.45
2023-03-31 00:00:00,3430.45,13.41,30.344240699999997,30344240.699999996,6.869,2.861,79.19
2023-04-03 00:00:00,3455.15,14.64,30.1921365,30192136.5,6.87825,2.87,85.81
2023-04-04 00:00:00,3472.13,17.63,30.693669000000003,30693669.000000004,6.8798,2.866,85.7
2023-04-05 00:00:00,3472.13,13.83,30.343054799999997,30343054.799999997,6.8798,2.866,85.89
2023-04-06 00:00:00,3472.28,11.84,30.792712199999997,30792712.199999996,6.8758,2.866,86.56
2023-04-07 00:00:00,3488,13,30.1403915,30140391.5,6.8703,2.856,86.56
2023-04-10 00:00:00,3475.19,17.07,28.8251153,28825115.3,6.8816,2.852,86.56
2023-04-11 00:00:00,3473.32,19.11,29.673482,29673482,6.887,2.83,87.32
2023-04-12 00:00:00,3487.59,15.47,29.896449699999998,29896449.7,6.87475,2.82,88.31
2023-04-13 00:00:00,3478.27,14.8,30.256068499999998,30256068.499999996,6.86825,2.835,86.51
2023-04-14 00:00:00,3499.01,18.26,30.325272399999996,30325272.399999995,6.87135,2.834,87.31
2023-04-17 00:00:00,3548.86,17.8,29.9317174,29931717.4,6.8798,2.843,85.63
2023-04-18 00:00:00,3557.06,22.91,29.919399700000003,29919399.700000003,6.876,2.838,85.48
2023-04-19 00:00:00,3532.78,19.49,30.0797302,30079730.2,6.88575,2.836,85.34
2023-04-20 00:00:00,3529.54,18.37,30.2972736,30297273.6,6.87315,2.838,83.29
2023-04-21 00:00:00,3460.56,16.61,30.0138315,30013831.5,6.8935,2.835,83.36
2023-04-24 00:00:00,3433.42,13.86,30.6050403,30605040.299999997,6.8964,2.82,84.23
2023-04-25 00:00:00,3422.35,14.19,30.362907300000003,30362907.300000004,6.93265,2.82,82.13
2023-04-26 00:00:00,3421.45,16.06,29.5043486,29504348.6,6.9268,2.811,79.19
2023-04-27 00:00:00,3444.42,17.24,28.914880999999998,28914880.999999996,6.92375,2.788,80.11
2023-04-28 00:00:00,3483.63,20.82,29.352332500000003,29352332.500000004,6.9121,2.785,81.32
2023-05-01 00:00:00,3483.63,19.76,26.398618,26398618,6.9121,2.785,81.32
2023-05-02 00:00:00,3483.63,19.21,26.311503499999997,26311503.499999996,6.9121,2.785,76.71
2023-05-03 00:00:00,3483.63,21.81,27.882125,27882125,6.9121,2.785,72.91
2023-05-04 00:00:00,3512.21,25.67,29.1253532,29125353.2,6.90665,2.771,73
2023-05-05 00:00:00,3495.46,22.86,29.4454727,29445472.7,6.9105,2.73,75.85
2023-05-08 00:00:00,3558.98,16.46,29.0683043,29068304.3,6.91245,2.748,75.85
2023-05-09 00:00:00,3519.77,17.26,29.501453899999998,29501453.9,6.92045,2.757,77.76
2023-05-10 00:00:00,3479.26,17.61,30.123350200000004,30123350.200000003,6.9333,2.725,76.7
2023-05-11 00:00:00,3469.19,18.57,29.743926799999997,29743926.799999997,6.94875,2.705,75.32
2023-05-12 00:00:00,3430.21,20.2,29.247137499999997,29247137.499999996,6.95825,2.714,74.54
2023-05-15 00:00:00,3470.46,25.11,28.899546700000002,28899546.700000003,6.9525,2.725,75.46
2023-05-16 00:00:00,3449.75,22.94,28.7403762,28740376.2,6.9787,2.717,75.15
2023-05-17 00:00:00,3442.63,21.87,29.317752900000002,29317752.900000002,6.9986,2.73,76.98
2023-05-18 00:00:00,3456.38,22.75,29.5073652,29507365.2,7.0358,2.72,75.75
2023-05-19 00:00:00,3441.92,21.43,29.1127312,29112731.2,7.0079,2.724,75.42
2023-05-22 00:00:00,3455.48,18.87,29.4304353,29430435.3,7.0358,2.717,75.77
2023-05-23 00:00:00,3402.76,19.83,29.7025121,29702512.1,7.05655,2.703,76.66
2023-05-24 00:00:00,3359.21,18.97,29.1286271,29128627.099999998,7.0609,2.709,77.99
2023-05-25 00:00:00,3355.67,21.53,29.3325162,29332516.2,7.07885,2.715,75.66
2023-05-26 00:00:00,3367.5,23.58,29.6071734,29607173.400000002,7.0647,2.724,76.33
2023-05-29 00:00:00,3376.96,27.58,30.2468146,30246814.6,7.073,2.732,76.33
2023-05-30 00:00:00,3379.86,25.15,30.8532763,30853276.3,7.08,2.726,73.38
2023-05-31 00:00:00,3359.43,24.6,31.0775742,31077574.2,7.11165,2.714,71.98
2023-06-01 00:00:00,3359.16,25.4,29.1332308,29133230.8,7.09445,2.707,74.18
2023-06-02 00:00:00,3385.8,26.1,29.316592200000002,29316592.200000003,7.0848,2.723,76
2023-06-05 00:00:00,3388.33,23.44,29.310224700000003,29310224.700000003,7.1025,2.722,76.61
2023-06-06 00:00:00,3349.52,22.21,29.4681557,29468155.7,7.1195,2.714,76.22
2023-06-07 00:00:00,3351.97,22.95,29.178409300000002,29178409.3,7.1293,2.707,76.85
2023-06-08 00:00:00,3368.56,25.57,29.4689601,29468960.1,7.1122,2.71,75.88
2023-06-09 00:00:00,3387.29,26.78,29.636784099999996,29636784.099999998,7.12855,2.694,74.74
2023-06-12 00:00:00,3384.66,24.37,30.1597578,30159757.8,7.1456,2.69,71.8
2023-06-13 00:00:00,3389.73,23.87,30.4690911,30469091.1,7.16805,2.658,74.24
2023-06-14 00:00:00,3384.87,25.46,30.7030707,30703070.700000003,7.16375,2.653,73.39
2023-06-15 00:00:00,3410.02,25.69,30.745549399999998,30745549.4,7.121,2.683,75.75
2023-06-16 00:00:00,3431.45,24.33,31.1409323,31140932.3,7.12655,2.699,76.76
2023-06-19 00:00:00,3413.12,25.7,30.7391908,30739190.8,7.16145,2.718,76.09
2023-06-20 00:00:00,3396.83,27.29,30.6832784,30683278.4,7.1815,2.716,75.79
2023-06-21 00:00:00,3352.35,27.26,31.0490359,31049035.9,7.17945,2.71,76.92
2023-06-22 00:00:00,3352.35,26.98,30.013549,30013549,7.17945,2.71,73.93
2023-06-23 00:00:00,3352.35,23.48,29.8300651,29830065.099999998,7.17945,2.71,73.56
2023-06-26 00:00:00,3302.73,26.8,31.1320132,31132013.2,7.2376,2.697,73.86
2023-06-27 00:00:00,3343.44,27.52,30.945911,30945911,7.2202,2.703,71.88
2023-06-28 00:00:00,3343.29,28.77,31.757551799999998,31757551.799999997,7.24445,2.696,73.64
2023-06-29 00:00:00,3335.91,28.7,31.6246563,31624656.3,7.2525,2.7,73.86
2023-06-30 00:00:00,3356.65,27.85,31.644483299999997,31644483.299999997,7.2523,2.683,74.51
2023-07-03 00:00:00,3400.64,28.79,31.5681368,31568136.8,7.24075,2.693,74.52
2023-07-04 00:00:00,3402.07,29.05,31.393423300000002,31393423.3,7.21445,2.705,76.23
2023-07-05 00:00:00,3378.57,28.75,30.7524014,30752401.4,7.24745,2.695,76.74
2023-07-06 00:00:00,3360.34,28.68,31.2922914,31292291.4,7.2505,2.69,76.72
2023-07-07 00:00:00,3351.01,29.56,31.623314799999996,31623314.799999997,7.2212,2.693,78.77
2023-07-10 00:00:00,3358.47,28.89,33.6833866,33683386.6,7.23205,2.687,77.83
2023-07-11 00:00:00,3376.98,30.19,33.8092998,33809299.8,7.2102,2.68,79.54
2023-07-12 00:00:00,3350.54,30.82,33.9814676,33981467.6,7.1663,2.683,80.35
2023-07-13 00:00:00,3392.88,30.52,33.8818261,33881826.1,7.151,2.683,81.31
2023-07-14 00:00:00,3394.15,30.99,33.4923902,33492390.200000003,7.1413,2.69,79.9
2023-07-17 00:00:00,3364.68,28.31,33.4663714,33466371.4,7.17205,2.675,77.8
2023-07-18 00:00:00,3352.25,28.78,33.4373438,33437343.8,7.18015,2.662,79.54
2023-07-19 00:00:00,3353.33,27.62,32.9476136,32947613.599999998,7.227,2.673,79.38
2023-07-20 00:00:00,3322.58,27.73,32.823797299999995,32823797.299999997,7.17755,2.658,79.62
2023-07-21 00:00:00,3320.7,28.63,32.5279468,32527946.8,7.1878,2.648,81.06
2023-07-24 00:00:00,3317,29.22,32.8106044,32810604.400000002,7.1865,2.651,82.53
2023-07-25 00:00:00,3387.66,28.55,32.6891129,32689112.9,7.13635,2.703,83.46
2023-07-26 00:00:00,3378.72,28.41,32.7360812,32736081.2,7.15095,2.683,82.98
2023-07-27 00:00:00,3372.04,27.58,32.2502641,32250264.1,7.17415,2.675,84.28
2023-07-28 00:00:00,3434.22,27.07,31.2921541,31292154.1,7.1494,2.688,84.49
2023-07-31 00:00:00,3450.02,28.28,30.546148900000002,30546148.900000002,7.1428,2.697,85.22
2023-08-01 00:00:00,3449.93,27.81,32.7193269,32719326.9,7.17775,2.69,85.34
2023-08-02 00:00:00,3419.24,28.77,33.2853334,33285333.4,7.19165,2.699,84.01
2023-08-03 00:00:00,3439.04,28.78,34.2341251,34234125.1,7.1663,2.675,86.19
2023-08-04 00:00:00,3447.01,28.74,34.8709751,34870975.1,7.1708,2.678,87.38
2023-08-07 00:00:00,3426.81,28.62,34.3053536,34305353.599999994,7.1931,2.66,86.47
2023-08-08 00:00:00,3418.19,28.83,34.623913699999996,34623913.699999996,7.2177,2.65,88
2023-08-09 00:00:00,3401.3,28.9,34.4006945,34400694.5,7.20995,2.653,89.31
2023-08-10 00:00:00,3411.83,29.3,34.6053477,34605347.7,7.218,2.656,87.44
2023-08-11 00:00:00,3343.31,30.4,34.643717800000005,34643717.800000004,7.2383,2.652,87.93
2023-08-14 00:00:00,3332.01,28.87,34.203636599999996,34203636.599999994,7.25975,2.627,87.4
2023-08-15 00:00:00,3329.69,28.48,34.6572932,34657293.199999996,7.2831,2.586,86.28
2023-08-16 00:00:00,3302.46,29.48,35.0842546,35084254.6,7.29855,2.584,84.49
2023-08-17 00:00:00,3316.74,28.4,35.324816500000004,35324816.50000001,7.2915,2.573,85.24
2023-08-18 00:00:00,3283.38,28.32,34.994498,34994498,7.28165,2.57,85.92
2023-08-21 00:00:00,3242.48,29.67,33.974313900000006,33974313.900000006,7.28775,2.543,85.44
2023-08-22 00:00:00,3271.2,28.56,34.045277,34045277,7.29425,2.556,84.7
2023-08-23 00:00:00,3227.23,27.94,33.9571463,33957146.3,7.27855,2.559,83.94
2023-08-24 00:00:00,3231.31,28.66,33.9553739,33955373.9,7.2792,2.554,84.07
2023-08-25 00:00:00,3212.31,28.35,33.4935294,33493529.4,7.29,2.573,85.42
2023-08-28 00:00:00,3248.58,28.23,31.530773400000005,31530773.400000006,7.29045,2.597,85.42
2023-08-29 00:00:00,3287.55,24.68,30.6158403,30615840.299999997,7.2807,2.598,86.37
2023-08-30 00:00:00,3288.91,23.8,30.682877,30682877,7.2852,2.591,86.62
2023-08-31 00:00:00,3271,24.48,31.074016999999998,31074016.999999996,7.25885,2.589,87.29
